,County Code,County Name,Const Code,Constituency,CAW Code,CAW Name,Registered Voters
0,1,MOMBASA,1,CHANGAMWE,1,PORT REITZ,17817
1,1,MOMBASA,1,CHANGAMWE,2,KIPEVU,16132
2,1,MOMBASA,1,CHANGAMWE,3,AIRPORT,18557
3,1,MOMBASA,1,CHANGAMWE,4,CHANGAMWE,18182
4,1,MOMBASA,1,CHANGAMWE,5,CHAANI,22873
5,1,MOMBASA,2,JOMVU,6,JOMVU KUU,24243
6,1,MOMBASA,2,JOMVU,7,MIRITINI,18048
7,1,MOMBASA,2,JOMVU,8,MIKINDANI,32794
8,1,MOMBASA,3,KISAUNI,9,MJAMBERE,22692
9,1,MOMBASA,3,KISAUNI,10,JUNDA,25602
10,1,MOMBASA,3,KISAUNI,11,BAMBURI,20470
11,1,MOMBASA,3,KISAUNI,12,MWAKIRUNGE,6423
12,1,MOMBASA,3,KISAUNI,13,MTOPANGA,19474
13,1,MOMBASA,3,KISAUNI,14,MAGOGONI,15105
14,1,MOMBASA,3,KISAUNI,15,SHANZU,25510
15,1,MOMBASA,4,NYALI,16,FRERE TOWN,24849
16,1,MOMBASA,4,NYALI,17,ZIWA LA NG'OMBE,23296
17,1,MOMBASA,4,NYALI,18,MKOMANI,24154
18,1,MOMBASA,4,NYALI,19,KONGOWEA,28846
19,1,MOMBASA,4,NYALI,20,KADZANDANI,23108
20,1,MOMBASA,5,LIKONI,21,MTONGWE,13937
21,1,MOMBASA,5,LIKONI,22,SHIKA ADABU,15437
22,1,MOMBASA,5,LIKONI,23,BOFU,18188
23,1,MOMBASA,5,LIKONI,24,LIKONI,13273
24,1,MOMBASA,5,LIKONI,25,TIMBWANI,33929
25,1,MOMBASA,6,MVITA,26,MJI WA KALE/MAKADARA,22341
26,1,MOMBASA,6,MVITA,27,TUDOR,22926
27,1,MOMBASA,6,MVITA,28,TONONOKA,23379
28,1,MOMBASA,6,MVITA,29,SHIMANZI/GANJONI,18556
29,1,MOMBASA,6,MVITA,30,MAJENGO,31772
30,2,KWALE,7,MSAMBWENI,31,GOMBATO BONGWE,20551
31,2,KWALE,7,MSAMBWENI,32,UKUNDA,24331
32,2,KWALE,7,MSAMBWENI,33,KINONDO,13463
33,2,KWALE,7,MSAMBWENI,34,RAMISI,23916
34,2,KWALE,8,LUNGALUNGA,35,PONGWE/KIKONENI,18833
35,2,KWALE,8,LUNGALUNGA,36,DZOMBO,14688
36,2,KWALE,8,LUNGALUNGA,37,MWERENI,15589
37,2,KWALE,8,LUNGALUNGA,38,VANGA,15744
38,2,KWALE,9,MATUGA,39,TSIMBA GOLINI,20453
39,2,KWALE,9,MATUGA,40,WAA,20681
40,2,KWALE,9,MATUGA,41,TIWI,11016
41,2,KWALE,9,MATUGA,42,KUBO SOUTH,12087
42,2,KWALE,9,MATUGA,43,MKONGANI,18778
43,2,KWALE,10,KINANGO,44,NDAVAYA,12743
44,2,KWALE,10,KINANGO,45,PUMA,9844
45,2,KWALE,10,KINANGO,46,KINANGO,15597
46,2,KWALE,10,KINANGO,47,MACKINNON ROAD,14214
47,2,KWALE,10,KINANGO,48,CHENGONI/SAMBURU,15037
48,2,KWALE,10,KINANGO,49,MWAVUMBO,16243
49,2,KWALE,10,KINANGO,50,KASEMENI,14445
50,3,KILIFI,11,KILIFI NORTH,51,TEZO,14830
51,3,KILIFI,11,KILIFI NORTH,52,SOKONI,23955
52,3,KILIFI,11,KILIFI NORTH,53,KIBARANI,15655
53,3,KILIFI,11,KILIFI NORTH,54,DABASO,13717
54,3,KILIFI,11,KILIFI NORTH,55,MATSANGONI,15168
55,3,KILIFI,11,KILIFI NORTH,56,WATAMU,15341
56,3,KILIFI,11,KILIFI NORTH,57,MNARANI,18076
57,3,KILIFI,12,KILIFI SOUTH,58,JUNJU,15747
58,3,KILIFI,12,KILIFI SOUTH,59,MWARAKAYA,12714
59,3,KILIFI,12,KILIFI SOUTH,60,SHIMO LA TEWA,32052
60,3,KILIFI,12,KILIFI SOUTH,61,CHASIMBA,14090
61,3,KILIFI,12,KILIFI SOUTH,62,MTEPENI,23093
62,3,KILIFI,13,KALOLENI,63,MARIAKANI,21332
63,3,KILIFI,13,KALOLENI,64,KAYAFUNGO,14897
64,3,KILIFI,13,KALOLENI,65,KALOLENI,25995
65,3,KILIFI,13,KALOLENI,66,MWANAMWINGA,10785
66,3,KILIFI,14,RABAI,67,MWAWESA,8793
67,3,KILIFI,14,RABAI,68,RURUMA,12058
68,3,KILIFI,14,RABAI,69,KAMBE/RIBE,11119
69,3,KILIFI,14,RABAI,70,RABAI/KISURUTINI,27195
70,3,KILIFI,15,GANZE,71,GANZE,16586
71,3,KILIFI,15,GANZE,72,BAMBA,18599
72,3,KILIFI,15,GANZE,73,JARIBUNI,12782
73,3,KILIFI,15,GANZE,74,SOKOKE,19290
74,3,KILIFI,16,MALINDI,75,JILORE,10464
75,3,KILIFI,16,MALINDI,76,KAKUYUNI,8750
76,3,KILIFI,16,MALINDI,77,GANDA,18566
77,3,KILIFI,16,MALINDI,78,MALINDI TOWN,30570
78,3,KILIFI,16,MALINDI,79,SHELLA,26255
79,3,KILIFI,17,MAGARINI,80,MARAFA,9026
80,3,KILIFI,17,MAGARINI,81,MAGARINI,17099
81,3,KILIFI,17,MAGARINI,82,GONGONI,17685
82,3,KILIFI,17,MAGARINI,83,ADU,16263
83,3,KILIFI,17,MAGARINI,84,GARASHI,10466
84,3,KILIFI,17,MAGARINI,85,SABAKI,9589
85,4,TANA RIVER,18,GARSEN,86,KIPINI EAST,7898
86,4,TANA RIVER,18,GARSEN,87,GARSEN SOUTH,9990
87,4,TANA RIVER,18,GARSEN,88,KIPINI WEST,9180
88,4,TANA RIVER,18,GARSEN,89,GARSEN CENTRAL,8256
89,4,TANA RIVER,18,GARSEN,90,GARSEN WEST,10999
90,4,TANA RIVER,18,GARSEN,91,GARSEN NORTH,9130
91,4,TANA RIVER,19,GALOLE,92,KINAKOMBA,8318
92,4,TANA RIVER,19,GALOLE,93,MIKINDUNI,7570
93,4,TANA RIVER,19,GALOLE,94,CHEWANI,14333
94,4,TANA RIVER,19,GALOLE,95,WAYU,9744
95,4,TANA RIVER,20,BURA,96,CHEWELE,8109
96,4,TANA RIVER,20,BURA,97,HIRIMANI,10750
97,4,TANA RIVER,20,BURA,98,BANGALE,10129
98,4,TANA RIVER,20,BURA,99,SALA,8806
99,4,TANA RIVER,20,BURA,100,MADOGO,7884
100,5,LAMU,21,LAMU EAST,101,FAZA,16515
101,5,LAMU,21,LAMU EAST,102,KIUNGA,4583
102,5,LAMU,21,LAMU EAST,103,BASUBA,949
103,5,LAMU,22,LAMU WEST,104,SHELLA,3632
104,5,LAMU,22,LAMU WEST,105,MKOMANI,12571
105,5,LAMU,22,LAMU WEST,106,HINDI,8533
106,5,LAMU,22,LAMU WEST,107,MKUNUMBI,8866
107,5,LAMU,22,LAMU WEST,108,HONGWE,5071
108,5,LAMU,22,LAMU WEST,109,WITU,9697
109,5,LAMU,22,LAMU WEST,110,BAHARI,11036
110,6,TAITA TAVETA,23,TAVETA,111,CHALA,9682
111,6,TAITA TAVETA,23,TAVETA,112,MAHOO,6817
112,6,TAITA TAVETA,23,TAVETA,113,BOMANI,10441
113,6,TAITA TAVETA,23,TAVETA,114,MBOGHONI,8103
114,6,TAITA TAVETA,23,TAVETA,115,MATA,5988
115,6,TAITA TAVETA,24,WUNDANYI,116,WUNDANYI/MBALE,12988
116,6,TAITA TAVETA,24,WUNDANYI,117,WERUGHA,6085
117,6,TAITA TAVETA,24,WUNDANYI,118,WUMINGU/KISHUSHE,8007
118,6,TAITA TAVETA,24,WUNDANYI,119,MWANDA/MGANGE,7928
119,6,TAITA TAVETA,25,MWATATE,120,RONG'E,7080
120,6,TAITA TAVETA,25,MWATATE,121,MWATATE,10082
121,6,TAITA TAVETA,25,MWATATE,122,BURA,9937
122,6,TAITA TAVETA,25,MWATATE,123,CHAWIA,9208
123,6,TAITA TAVETA,25,MWATATE,124,WUSI/KISHAMBA,8104
124,6,TAITA TAVETA,26,VOI,125,MBOLOLO,15880
125,6,TAITA TAVETA,26,VOI,126,SAGALLA,7067
126,6,TAITA TAVETA,26,VOI,127,KALOLENI,17547
127,6,TAITA TAVETA,26,VOI,128,MARUNGU,6681
128,6,TAITA TAVETA,26,VOI,129,KASIGAU,7829
129,6,TAITA TAVETA,26,VOI,130,NGOLIA,6373
130,7,GARISSA,27,GARISSA TOWNSHIP,131,WABERI,11657
131,7,GARISSA,27,GARISSA TOWNSHIP,132,GALBET,16698
132,7,GARISSA,27,GARISSA TOWNSHIP,133,TOWNSHIP,13419
133,7,GARISSA,27,GARISSA TOWNSHIP,134,IFTIN,11479
134,7,GARISSA,28,BALAMBALA,135,BALAMBALA,4414
135,7,GARISSA,28,BALAMBALA,136,DANYERE,3924
136,7,GARISSA,28,BALAMBALA,137,JARA JARA,2729
137,7,GARISSA,28,BALAMBALA,138,SAKA,5413
138,7,GARISSA,28,BALAMBALA,139,SANKURI,9605
139,7,GARISSA,29,LAGDERA,140,MODOGASHE,6388
140,7,GARISSA,29,LAGDERA,141,BENANE,4463
141,7,GARISSA,29,LAGDERA,142,GOREALE,2438
142,7,GARISSA,29,LAGDERA,143,MAALIMIN,5091
143,7,GARISSA,29,LAGDERA,144,SABENA,3394
144,7,GARISSA,29,LAGDERA,145,BARAKI,5175
145,7,GARISSA,30,DADAAB,146,DERTU,3744
146,7,GARISSA,30,DADAAB,147,DADAAB,5657
147,7,GARISSA,30,DADAAB,148,LABASIGALE,4331
148,7,GARISSA,30,DADAAB,149,DAMAJALE,9760
149,7,GARISSA,30,DADAAB,150,LIBOI,5362
150,7,GARISSA,30,DADAAB,151,ABAKAILE,9331
151,7,GARISSA,31,FAFI,152,BURA,5272
152,7,GARISSA,31,FAFI,153,DEKAHARIA,4740
153,7,GARISSA,31,FAFI,154,JARAJILA,3123
154,7,GARISSA,31,FAFI,155,FAFI,7050
155,7,GARISSA,31,FAFI,156,NANIGHI,7150
156,7,GARISSA,32,IJARA,157,HULUGHO,6266
157,7,GARISSA,32,IJARA,158,SANGAILU,4919
158,7,GARISSA,32,IJARA,159,IJARA,7383
159,7,GARISSA,32,IJARA,160,MASALANI,11098
160,8,WAJIR,33,WAJIR NORTH,161,GURAR,3885
161,8,WAJIR,33,WAJIR NORTH,162,BUTE,3786
162,8,WAJIR,33,WAJIR NORTH,163,KORONDILE,5317
163,8,WAJIR,33,WAJIR NORTH,164,MALKAGUFU,4031
164,8,WAJIR,33,WAJIR NORTH,165,BATALU,6364
165,8,WAJIR,33,WAJIR NORTH,166,DANABA,7376
166,8,WAJIR,33,WAJIR NORTH,167,GODOMA,3168
167,8,WAJIR,34,WAJIR EAST,168,WAGBERI,7353
168,8,WAJIR,34,WAJIR EAST,169,TOWNSHIP,10065
169,8,WAJIR,34,WAJIR EAST,170,BARWAGO,10302
170,8,WAJIR,34,WAJIR EAST,171,KHOROF/HARAR,8074
171,8,WAJIR,35,TARBAJ,172,ELBEN,3562
172,8,WAJIR,35,TARBAJ,173,SARMAN,7416
173,8,WAJIR,35,TARBAJ,174,TARBAJ,9869
174,8,WAJIR,35,TARBAJ,175,WARGADUD,4420
175,8,WAJIR,36,WAJIR WEST,176,ARBAJAHAN,8593
176,8,WAJIR,36,WAJIR WEST,177,HADADO/ATHIBOHOL,7818
177,8,WAJIR,36,WAJIR WEST,178,ADAMASAJIDE,6541
178,8,WAJIR,36,WAJIR WEST,179,GANYURE/WAGALLA,8382
179,8,WAJIR,37,ELDAS,180,ELDAS,4630
180,8,WAJIR,37,ELDAS,181,DELLA,6188
181,8,WAJIR,37,ELDAS,182,LAKOLEY SOUTH/BASIR,3443
182,8,WAJIR,37,ELDAS,183,ELNUR/TULA TULA,9098
183,8,WAJIR,38,WAJIR SOUTH,184,BENANE,11797
184,8,WAJIR,38,WAJIR SOUTH,185,BURDER,4863
185,8,WAJIR,38,WAJIR SOUTH,186,DADAJA BULLA,5389
186,8,WAJIR,38,WAJIR SOUTH,187,HABASSWEIN,11026
187,8,WAJIR,38,WAJIR SOUTH,188,LAGBOGHOL SOUTH,7541
188,8,WAJIR,38,WAJIR SOUTH,189,IBRAHIM URE,6179
189,8,WAJIR,38,WAJIR SOUTH,190,DIIF,11282
190,9,MANDERA,39,MANDERA WEST,191,TAKABA SOUTH,6742
191,9,MANDERA,39,MANDERA WEST,192,TAKABA,5683
192,9,MANDERA,39,MANDERA WEST,193,LAGSURE,6746
193,9,MANDERA,39,MANDERA WEST,194,DANDU,9544
194,9,MANDERA,39,MANDERA WEST,195,GITHER,8922
195,9,MANDERA,40,BANISSA,196,BANISSA,9898
196,9,MANDERA,40,BANISSA,197,DERKHALE,7068
197,9,MANDERA,40,BANISSA,198,GUBA,1539
198,9,MANDERA,40,BANISSA,199,MALKAMARI,6440
199,9,MANDERA,40,BANISSA,200,KILIWEHIRI,7758
200,9,MANDERA,41,MANDERA NORTH,201,ASHABITO,7806
201,9,MANDERA,41,MANDERA NORTH,202,GUTICHA,10038
202,9,MANDERA,41,MANDERA NORTH,203,MOROTHILE,2777
203,9,MANDERA,41,MANDERA NORTH,204,RHAMU,15408
204,9,MANDERA,41,MANDERA NORTH,205,RHAMU-DIMTU,9187
205,9,MANDERA,42,MANDERA SOUTH,206,WARGADUD,7341
206,9,MANDERA,42,MANDERA SOUTH,207,KUTULO,7123
207,9,MANDERA,42,MANDERA SOUTH,208,ELWAK SOUTH,6095
208,9,MANDERA,42,MANDERA SOUTH,209,ELWAK NORTH,6279
209,9,MANDERA,42,MANDERA SOUTH,210,SHIMBIR FATUMA,7853
210,9,MANDERA,43,MANDERA EAST,211,ARABIA,4187
211,9,MANDERA,43,MANDERA EAST,212,TOWNSHIP,14790
212,9,MANDERA,43,MANDERA EAST,213,NEBOI,11840
213,9,MANDERA,43,MANDERA EAST,214,KHALALIO,11106
214,9,MANDERA,43,MANDERA EAST,215,LIBEHIA,6296
215,9,MANDERA,44,LAFEY,216,SALA,2412
216,9,MANDERA,44,LAFEY,217,FINO,2786
217,9,MANDERA,44,LAFEY,218,LAFEY,4932
218,9,MANDERA,44,LAFEY,219,WARANQARA,3956
219,9,MANDERA,44,LAFEY,220,ALANGO GOF,4478
220,10,MARSABIT,45,MOYALE,221,BUTIYE,9614
221,10,MARSABIT,45,MOYALE,222,SOLOLO,8376
222,10,MARSABIT,45,MOYALE,223,HEILLU/MANYATTA,10431
223,10,MARSABIT,45,MOYALE,224,GOLBO,15692
224,10,MARSABIT,45,MOYALE,225,MOYALE TOWNSHIP,10237
225,10,MARSABIT,45,MOYALE,226,URAN,7932
226,10,MARSABIT,45,MOYALE,227,OBBU,4120
227,10,MARSABIT,46,NORTH HORR,228,DUKANA,8075
228,10,MARSABIT,46,NORTH HORR,229,MAIKONA,9865
229,10,MARSABIT,46,NORTH HORR,230,TURBI,6677
230,10,MARSABIT,46,NORTH HORR,231,NORTH HORR,8547
231,10,MARSABIT,46,NORTH HORR,232,ILLERET,3691
232,10,MARSABIT,47,SAKU,233,SAGANTE/JALDESA,9027
233,10,MARSABIT,47,SAKU,234,KARARE,4723
234,10,MARSABIT,47,SAKU,235,MARSABIT CENTRAL,16459
235,10,MARSABIT,48,LAISAMIS,236,LOIYANGALANI,7669
236,10,MARSABIT,48,LAISAMIS,237,KARGI/SOUTH HORR,5327
237,10,MARSABIT,48,LAISAMIS,238,KORR/NGURUNIT,9392
238,10,MARSABIT,48,LAISAMIS,239,LOGO LOGO,4133
239,10,MARSABIT,48,LAISAMIS,240,LAISAMIS,6925
240,11,ISIOLO,49,ISIOLO NORTH,241,WABERA,15034
241,11,ISIOLO,49,ISIOLO NORTH,242,BULLA PESA,15125
242,11,ISIOLO,49,ISIOLO NORTH,243,CHARI,4486
243,11,ISIOLO,49,ISIOLO NORTH,244,CHERAB,8065
244,11,ISIOLO,49,ISIOLO NORTH,245,NGARE MARA,5434
245,11,ISIOLO,49,ISIOLO NORTH,246,BURAT,13195
246,11,ISIOLO,49,ISIOLO NORTH,247,OLDO/NYIRO,5984
247,11,ISIOLO,50,ISIOLO SOUTH,248,GARBATULLA,7238
248,11,ISIOLO,50,ISIOLO SOUTH,249,KINNA,8885
249,11,ISIOLO,50,ISIOLO SOUTH,250,SERICHO,6058
250,12,MERU,51,IGEMBE SOUTH,251,MAUA,17213
251,12,MERU,51,IGEMBE SOUTH,252,KIEGOI/ANTUBOCHIU,16514
252,12,MERU,51,IGEMBE SOUTH,253,ATHIRU GAITI,14443
253,12,MERU,51,IGEMBE SOUTH,254,AKACHIU,14371
254,12,MERU,51,IGEMBE SOUTH,255,KANUNI,14585
255,12,MERU,52,IGEMBE CENTRAL,256,AKIRANG'ONDU,15637
256,12,MERU,52,IGEMBE CENTRAL,257,ATHIRU RUUJINE,19920
257,12,MERU,52,IGEMBE CENTRAL,258,IGEMBE EAST,19964
258,12,MERU,52,IGEMBE CENTRAL,259,NJIA,21810
259,12,MERU,52,IGEMBE CENTRAL,260,KANGETA,16103
260,12,MERU,53,IGEMBE NORTH,261,ANTUAMBUI,17113
261,12,MERU,53,IGEMBE NORTH,262,NTUNENE,11829
262,12,MERU,53,IGEMBE NORTH,263,ANTUBETWE KIONGO,15108
263,12,MERU,53,IGEMBE NORTH,264,NAATHU,13879
264,12,MERU,53,IGEMBE NORTH,265,AMWATHI,19121
265,12,MERU,54,TIGANIA WEST,266,ATHWANA,9123
266,12,MERU,54,TIGANIA WEST,267,AKITHII,16709
267,12,MERU,54,TIGANIA WEST,268,KIANJAI,21037
268,12,MERU,54,TIGANIA WEST,269,NKOMO,13030
269,12,MERU,54,TIGANIA WEST,270,MBEU,10384
270,12,MERU,55,TIGANIA EAST,271,THANGATHA,21025
271,12,MERU,55,TIGANIA EAST,272,MIKINDURI,18246
272,12,MERU,55,TIGANIA EAST,273,KIGUCHWA,11544
273,12,MERU,55,TIGANIA EAST,274,MUTHARA,19902
274,12,MERU,55,TIGANIA EAST,275,KARAMA,12810
275,12,MERU,56,NORTH IMENTI,276,MUNICIPALITY,23655
276,12,MERU,56,NORTH IMENTI,277,NTIMA EAST,14904
277,12,MERU,56,NORTH IMENTI,278,NTIMA WEST,19161
278,12,MERU,56,NORTH IMENTI,279,NYAKI WEST,21192
279,12,MERU,56,NORTH IMENTI,280,NYAKI EAST,17329
280,12,MERU,57,BUURI,281,TIMAU,22215
281,12,MERU,57,BUURI,282,KISIMA,18075
282,12,MERU,57,BUURI,283,KIIRUA/NAARI,15690
283,12,MERU,57,BUURI,284,RUIRI/RWARERA,11521
284,12,MERU,57,BUURI,289,KIBIRICHIA,14840
285,12,MERU,58,CENTRAL IMENTI,285,MWANGANTHIA,15057
286,12,MERU,58,CENTRAL IMENTI,286,ABOTHUGUCHI CENTRAL,24397
287,12,MERU,58,CENTRAL IMENTI,287,ABOTHUGUCHI WEST,24723
288,12,MERU,58,CENTRAL IMENTI,288,KIAGU,12318
289,12,MERU,59,SOUTH IMENTI,290,MITUNGUU,14078
290,12,MERU,59,SOUTH IMENTI,291,IGOJI EAST,18203
291,12,MERU,59,SOUTH IMENTI,292,IGOJI WEST,12496
292,12,MERU,59,SOUTH IMENTI,293,ABOGETA EAST,21169
293,12,MERU,59,SOUTH IMENTI,294,ABOGETA WEST,19074
294,12,MERU,59,SOUTH IMENTI,295,NKUENE,30622
295,13,THARAKA - NITHI,60,MAARA,296,MITHERU,10862
296,13,THARAKA - NITHI,60,MAARA,297,MUTHAMBI,12753
297,13,THARAKA - NITHI,60,MAARA,298,MWIMBI,15145
298,13,THARAKA - NITHI,60,MAARA,299,GANGA,12691
299,13,THARAKA - NITHI,60,MAARA,300,CHOGORIA,21797
300,13,THARAKA - NITHI,61,CHUKA/IGAMBANG'OMBE,301,MARIANI,10573
301,13,THARAKA - NITHI,61,CHUKA/IGAMBANG'OMBE,302,KARINGANI,19043
302,13,THARAKA - NITHI,61,CHUKA/IGAMBANG'OMBE,303,MAGUMONI,22846
303,13,THARAKA - NITHI,61,CHUKA/IGAMBANG'OMBE,304,MUGWE,15913
304,13,THARAKA - NITHI,61,CHUKA/IGAMBANG'OMBE,305,IGAMBANG'OMBE,16299
305,13,THARAKA - NITHI,62,THARAKA,306,GATUNGA,13891
306,13,THARAKA - NITHI,62,THARAKA,307,MUKOTHIMA,13297
307,13,THARAKA - NITHI,62,THARAKA,308,NKONDI,9543
308,13,THARAKA - NITHI,62,THARAKA,309,CHIAKARIGA,18715
309,13,THARAKA - NITHI,62,THARAKA,310,MARIMANTI,18564
310,14,EMBU,63,MANYATTA,311,RUGURU/NGANDORI,18449
311,14,EMBU,63,MANYATTA,312,KITHIMU,11824
312,14,EMBU,63,MANYATTA,313,NGINDA,18342
313,14,EMBU,63,MANYATTA,314,MBETI NORTH,17844
314,14,EMBU,63,MANYATTA,315,KIRIMARI,29617
315,14,EMBU,63,MANYATTA,316,GATURI SOUTH,10512
316,14,EMBU,64,RUNYENJES,317,GATURI NORTH,14872
317,14,EMBU,64,RUNYENJES,318,KAGAARI SOUTH,13564
318,14,EMBU,64,RUNYENJES,319,CENTRAL,17035
319,14,EMBU,64,RUNYENJES,320,KAGAARI NORTH,17286
320,14,EMBU,64,RUNYENJES,321,KYENI NORTH,15314
321,14,EMBU,64,RUNYENJES,322,KYENI SOUTH,17255
322,14,EMBU,65,MBEERE SOUTH,323,MWEA,17232
323,14,EMBU,65,MBEERE SOUTH,324,MAKIMA,11753
324,14,EMBU,65,MBEERE SOUTH,325,MBETI SOUTH,19083
325,14,EMBU,65,MBEERE SOUTH,326,MAVURIA,20627
326,14,EMBU,65,MBEERE SOUTH,327,KIAMBERE,8569
327,14,EMBU,66,MBEERE NORTH,328,NTHAWA,18882
328,14,EMBU,66,MBEERE NORTH,329,MUMINJI,9849
329,14,EMBU,66,MBEERE NORTH,330,EVURORE,26393
330,15,KITUI,67,MWINGI NORTH,331,NGOMENI,9131
331,15,KITUI,67,MWINGI NORTH,332,KYUSO,19921
332,15,KITUI,67,MWINGI NORTH,333,MUMONI,15877
333,15,KITUI,67,MWINGI NORTH,334,TSEIKURU,16471
334,15,KITUI,67,MWINGI NORTH,335,THARAKA,7429
335,15,KITUI,68,MWINGI WEST,336,KYOME/THAANA,14979
336,15,KITUI,68,MWINGI WEST,337,NGUUTANI,15121
337,15,KITUI,68,MWINGI WEST,338,MIGWANI,14678
338,15,KITUI,68,MWINGI WEST,339,KIOMO/KYETHANI,12360
339,15,KITUI,69,MWINGI CENTRAL,340,CENTRAL,14525
340,15,KITUI,69,MWINGI CENTRAL,341,KIVOU,12301
341,15,KITUI,69,MWINGI CENTRAL,342,NGUNI,13165
342,15,KITUI,69,MWINGI CENTRAL,343,NUU,12729
343,15,KITUI,69,MWINGI CENTRAL,344,MUI,11039
344,15,KITUI,69,MWINGI CENTRAL,345,WAITA,10472
345,15,KITUI,70,KITUI WEST,346,MUTONGUNI,17979
346,15,KITUI,70,KITUI WEST,347,KAUWI,15767
347,15,KITUI,70,KITUI WEST,348,MATINYANI,14279
348,15,KITUI,70,KITUI WEST,349,KWA MUTONGA/KITHUMULA,11022
349,15,KITUI,71,KITUI RURAL,350,KISASI,13840
350,15,KITUI,71,KITUI RURAL,351,MBITINI,12048
351,15,KITUI,71,KITUI RURAL,352,KWAVONZA/YATTA,18020
352,15,KITUI,71,KITUI RURAL,353,KANYANGI,11092
353,15,KITUI,72,KITUI CENTRAL,354,MIAMBANI,11759
354,15,KITUI,72,KITUI CENTRAL,355,TOWNSHIP,19538
355,15,KITUI,72,KITUI CENTRAL,356,KYANGWITHYA WEST,15931
356,15,KITUI,72,KITUI CENTRAL,357,MULANGO,15135
357,15,KITUI,72,KITUI CENTRAL,358,KYANGWITHYA EAST,15401
358,15,KITUI,73,KITUI EAST,359,ZOMBE/MWITIKA,13152
359,15,KITUI,73,KITUI EAST,360,NZAMBANI,11723
360,15,KITUI,73,KITUI EAST,361,CHULUNI,12622
361,15,KITUI,73,KITUI EAST,362,VOO/KYAMATU,10003
362,15,KITUI,73,KITUI EAST,363,ENDAU/MALALANI,7897
363,15,KITUI,73,KITUI EAST,364,MUTITO/KALIKU,9980
364,15,KITUI,74,KITUI SOUTH,365,IKANGA/KYATUNE,15384
365,15,KITUI,74,KITUI SOUTH,366,MUTOMO,12637
366,15,KITUI,74,KITUI SOUTH,367,MUTHA,11039
367,15,KITUI,74,KITUI SOUTH,368,IKUTHA,12066
368,15,KITUI,74,KITUI SOUTH,369,KANZIKO,8403
369,15,KITUI,74,KITUI SOUTH,370,ATHI,15843
370,16,MACHAKOS,75,MASINGA,371,KIVAA,18277
371,16,MACHAKOS,75,MASINGA,372,MASINGA CENTRAL,18410
372,16,MACHAKOS,75,MASINGA,373,EKALAKALA,11265
373,16,MACHAKOS,75,MASINGA,374,MUTHESYA,8874
374,16,MACHAKOS,75,MASINGA,375,NDITHINI,12053
375,16,MACHAKOS,76,YATTA,376,NDALANI,16093
376,16,MACHAKOS,76,YATTA,377,MATUU,16826
377,16,MACHAKOS,76,YATTA,378,KITHIMANI,19497
378,16,MACHAKOS,76,YATTA,379,IKOMBE,18283
379,16,MACHAKOS,76,YATTA,380,KATANGI,11698
380,16,MACHAKOS,77,KANGUNDO,381,KANGUNDO NORTH,14938
381,16,MACHAKOS,77,KANGUNDO,382,KANGUNDO CENTRAL,16502
382,16,MACHAKOS,77,KANGUNDO,383,KANGUNDO EAST,13340
383,16,MACHAKOS,77,KANGUNDO,384,KANGUNDO WEST,16016
384,16,MACHAKOS,78,MATUNGULU,385,TALA,18614
385,16,MACHAKOS,78,MATUNGULU,386,MATUNGULU NORTH,12504
386,16,MACHAKOS,78,MATUNGULU,387,MATUNGULU EAST,12826
387,16,MACHAKOS,78,MATUNGULU,388,MATUNGULU WEST,22817
388,16,MACHAKOS,78,MATUNGULU,389,KYELENI,9080
389,16,MACHAKOS,79,KATHIANI,390,MITABONI,16756
390,16,MACHAKOS,79,KATHIANI,391,KATHIANI CENTRAL,15070
391,16,MACHAKOS,79,KATHIANI,392,UPPER KAEWA/IVETI,14314
392,16,MACHAKOS,79,KATHIANI,393,LOWER KAEWA/KAANI,14084
393,16,MACHAKOS,80,MAVOKO,394,ATHI RIVER,44603
394,16,MACHAKOS,80,MAVOKO,395,KINANIE,14831
395,16,MACHAKOS,80,MAVOKO,396,MUTHWANI,24402
396,16,MACHAKOS,80,MAVOKO,397,SYOKIMAU/MULOLONGO,48327
397,16,MACHAKOS,81,MACHAKOS TOWN,398,KALAMA,17173
398,16,MACHAKOS,81,MACHAKOS TOWN,399,MUA,15242
399,16,MACHAKOS,81,MACHAKOS TOWN,400,MUTITUNI,14486
400,16,MACHAKOS,81,MACHAKOS TOWN,401,MACHAKOS CENTRAL,28309
401,16,MACHAKOS,81,MACHAKOS TOWN,402,MUMBUNI NORTH,13778
402,16,MACHAKOS,81,MACHAKOS TOWN,403,MUVUTI/KIIMA-KIMWE,17404
403,16,MACHAKOS,81,MACHAKOS TOWN,404,KOLA,10975
404,16,MACHAKOS,82,MWALA,405,MBIUNI,16671
405,16,MACHAKOS,82,MWALA,406,MAKUTANO/ MWALA,17815
406,16,MACHAKOS,82,MWALA,407,MASII,18523
407,16,MACHAKOS,82,MWALA,408,MUTHETHENI,12571
408,16,MACHAKOS,82,MWALA,409,WAMUNYU,14342
409,16,MACHAKOS,82,MWALA,410,KIBAUNI,9976
410,17,MAKUENI,83,MBOONI,411,TULIMANI,18803
411,17,MAKUENI,83,MBOONI,412,MBOONI,16441
412,17,MAKUENI,83,MBOONI,413,KITHUNGO/KITUNDU,13472
413,17,MAKUENI,83,MBOONI,414,KITETA/KISAU,20020
414,17,MAKUENI,83,MBOONI,415,WAIA-KAKO,13127
415,17,MAKUENI,83,MBOONI,416,KALAWA,14166
416,17,MAKUENI,84,KILOME,417,KASIKEU,23435
417,17,MAKUENI,84,KILOME,418,MUKAA,14484
418,17,MAKUENI,84,KILOME,419,KIIMA KIU/KALANZONI,21259
419,17,MAKUENI,85,KAITI,420,UKIA,22344
420,17,MAKUENI,85,KAITI,421,KEE,12212
421,17,MAKUENI,85,KAITI,422,KILUNGU,16858
422,17,MAKUENI,85,KAITI,423,ILIMA,13774
423,17,MAKUENI,86,MAKUENI,424,WOTE,19472
424,17,MAKUENI,86,MAKUENI,425,MUVAU/KIKUUMINI,13583
425,17,MAKUENI,86,MAKUENI,426,MAVINDINI,11154
426,17,MAKUENI,86,MAKUENI,427,KITISE/KITHUKI,11691
427,17,MAKUENI,86,MAKUENI,428,KATHONZWENI,14661
428,17,MAKUENI,86,MAKUENI,429,NZAUI/KILILI/KALAMBA,18381
429,17,MAKUENI,86,MAKUENI,430,MBITINI,13770
430,17,MAKUENI,87,KIBWEZI WEST,431,MAKINDU,22953
431,17,MAKUENI,87,KIBWEZI WEST,432,NGUUMO,14185
432,17,MAKUENI,87,KIBWEZI WEST,433,KIKUMBULYU NORTH,9889
433,17,MAKUENI,87,KIBWEZI WEST,434,KIKUMBULYU SOUTH,14056
434,17,MAKUENI,87,KIBWEZI WEST,435,NGUU/MASUMBA,13747
435,17,MAKUENI,87,KIBWEZI WEST,436,EMALI/MULALA,16724
436,17,MAKUENI,88,KIBWEZI EAST,437,MASONGALENI,14271
437,17,MAKUENI,88,KIBWEZI EAST,438,MTITO ANDEI,17622
438,17,MAKUENI,88,KIBWEZI EAST,439,THANGE,17020
439,17,MAKUENI,88,KIBWEZI EAST,440,IVINGONI/NZAMBANI,15827
440,18,NYANDARUA,89,KINANGOP,441,ENGINEER,16199
441,18,NYANDARUA,89,KINANGOP,442,GATHARA,18144
442,18,NYANDARUA,89,KINANGOP,443,NORTH KINANGOP,11265
443,18,NYANDARUA,89,KINANGOP,444,MURUNGARU,15669
444,18,NYANDARUA,89,KINANGOP,445,NJABINI\KIBURU,12793
445,18,NYANDARUA,89,KINANGOP,446,NYAKIO,15177
446,18,NYANDARUA,89,KINANGOP,447,GITHABAI,11473
447,18,NYANDARUA,89,KINANGOP,448,MAGUMU,14827
448,18,NYANDARUA,90,KIPIPIRI,449,WANJOHI,17474
449,18,NYANDARUA,90,KIPIPIRI,450,KIPIPIRI,14364
450,18,NYANDARUA,90,KIPIPIRI,451,GETA,11098
451,18,NYANDARUA,90,KIPIPIRI,452,GITHIORO,11692
452,18,NYANDARUA,91,OL KALOU,453,KARAU,13594
453,18,NYANDARUA,91,OL KALOU,454,KANJUIRI RANGE,15596
454,18,NYANDARUA,91,OL KALOU,455,MIRANGINE,14695
455,18,NYANDARUA,91,OL KALOU,456,KAIMBAGA,13540
456,18,NYANDARUA,91,OL KALOU,457,RURII,15572
457,18,NYANDARUA,92,OL JOROK,458,GATHANJI,12792
458,18,NYANDARUA,92,OL JOROK,459,GATIMU,14875
459,18,NYANDARUA,92,OL JOROK,460,WERU,18548
460,18,NYANDARUA,92,OL JOROK,461,CHARAGITA,13932
461,18,NYANDARUA,93,NDARAGWA,462,LESHAU/PONDO,13842
462,18,NYANDARUA,93,NDARAGWA,463,KIRIITA,12977
463,18,NYANDARUA,93,NDARAGWA,464,CENTRAL,18113
464,18,NYANDARUA,93,NDARAGWA,465,SHAMATA,12914
465,19,NYERI,94,TETU,466,DEDAN KIMANTHI,14401
466,19,NYERI,94,TETU,467,WAMAGANA,22275
467,19,NYERI,94,TETU,468,AGUTHI-GAAKI,18310
468,19,NYERI,95,KIENI,469,MWEIGA,12064
469,19,NYERI,95,KIENI,470,NAROMORU KIAMATHAGA,17731
470,19,NYERI,95,KIENI,471,MWIYOGO/ENDARASHA,12691
471,19,NYERI,95,KIENI,472,MUGUNDA,16080
472,19,NYERI,95,KIENI,473,GATARAKWA,12086
473,19,NYERI,95,KIENI,474,THEGU RIVER,16778
474,19,NYERI,95,KIENI,475,KABARU,13280
475,19,NYERI,95,KIENI,476,GAKAWA,13863
476,19,NYERI,96,MATHIRA,477,RUGURU,14670
477,19,NYERI,96,MATHIRA,478,MAGUTU,13383
478,19,NYERI,96,MATHIRA,479,IRIAINI,18020
479,19,NYERI,96,MATHIRA,480,KONYU,13428
480,19,NYERI,96,MATHIRA,481,KIRIMUKUYU,18171
481,19,NYERI,96,MATHIRA,482,KARATINA TOWN,26820
482,19,NYERI,97,OTHAYA,483,MAHIGA,15138
483,19,NYERI,97,OTHAYA,484,IRIA-INI,19309
484,19,NYERI,97,OTHAYA,485,CHINGA,15143
485,19,NYERI,97,OTHAYA,486,KARIMA,12289
486,19,NYERI,98,MUKURWEINI,487,GIKONDI,12644
487,19,NYERI,98,MUKURWEINI,488,RUGI,13959
488,19,NYERI,98,MUKURWEINI,489,MUKURWE-INI WEST,12801
489,19,NYERI,98,MUKURWEINI,490,MUKURWE-INI CENTRAL,19130
490,19,NYERI,99,NYERI TOWN,491,KIGANJO/MATHARI,15985
491,19,NYERI,99,NYERI TOWN,492,RWARE,29246
492,19,NYERI,99,NYERI TOWN,493,GATITU/MURUGURU,11363
493,19,NYERI,99,NYERI TOWN,494,RURING'U,13780
494,19,NYERI,99,NYERI TOWN,495,KAMAKWA/MUKARO,16794
495,20,KIRINYAGA,100,MWEA,496,MUTITHI,19226
496,20,KIRINYAGA,100,MWEA,497,KANGAI,12568
497,20,KIRINYAGA,100,MWEA,498,THIBA,15157
498,20,KIRINYAGA,100,MWEA,499,WAMUMU,12249
499,20,KIRINYAGA,100,MWEA,500,NYANGATI,17095
500,20,KIRINYAGA,100,MWEA,501,MURINDUKO,18935
501,20,KIRINYAGA,100,MWEA,502,GATHIGIRIRI,11993
502,20,KIRINYAGA,100,MWEA,503,TEBERE,24491
503,20,KIRINYAGA,101,GICHUGU,504,KABARE,27559
504,20,KIRINYAGA,101,GICHUGU,505,BARAGWI,16311
505,20,KIRINYAGA,101,GICHUGU,506,NJUKIINI,16338
506,20,KIRINYAGA,101,GICHUGU,507,NGARIAMA,13976
507,20,KIRINYAGA,101,GICHUGU,508,KARUMANDI,18311
508,20,KIRINYAGA,102,NDIA,509,MUKURE,22087
509,20,KIRINYAGA,102,NDIA,510,KIINE,27843
510,20,KIRINYAGA,102,NDIA,511,KARITI,19813
511,20,KIRINYAGA,103,KIRINYAGA CENTRAL,512,MUTIRA,18169
512,20,KIRINYAGA,103,KIRINYAGA CENTRAL,513,KANYEKINI,21863
513,20,KIRINYAGA,103,KIRINYAGA CENTRAL,514,KERUGOYA,24745
514,20,KIRINYAGA,103,KIRINYAGA CENTRAL,515,INOI,17272
515,21,MURANG'A,104,KANGEMA,516,KANYENYA-INI,15567
516,21,MURANG'A,104,KANGEMA,517,MUGURU,23583
517,21,MURANG'A,104,KANGEMA,518,RWATHIA,12852
518,21,MURANG'A,105,MATHIOYA,519,GITUGI,20421
519,21,MURANG'A,105,MATHIOYA,520,KIRU,22212
520,21,MURANG'A,105,MATHIOYA,521,KAMACHARIA,15469
521,21,MURANG'A,106,KIHARU,522,WANGU,17355
522,21,MURANG'A,106,KIHARU,523,MUGOIRI,19001
523,21,MURANG'A,106,KIHARU,524,MBIRI,20473
524,21,MURANG'A,106,KIHARU,525,TOWNSHIP,24462
525,21,MURANG'A,106,KIHARU,526,MURARANDIA,17998
526,21,MURANG'A,106,KIHARU,527,GATURI,20100
527,21,MURANG'A,107,KIGUMO,528,KAHUMBU,11652
528,21,MURANG'A,107,KIGUMO,529,MUTHITHI,14559
529,21,MURANG'A,107,KIGUMO,530,KIGUMO,15527
530,21,MURANG'A,107,KIGUMO,531,KANGARI,22170
531,21,MURANG'A,107,KIGUMO,532,KINYONA,18701
532,21,MURANG'A,108,MARAGWA,533,KIMORORI/WEMPA,26433
533,21,MURANG'A,108,MARAGWA,534,MAKUYU,16588
534,21,MURANG'A,108,MARAGWA,535,KAMBITI,13186
535,21,MURANG'A,108,MARAGWA,536,KAMAHUHA,16236
536,21,MURANG'A,108,MARAGWA,537,ICHAGAKI,13524
537,21,MURANG'A,108,MARAGWA,538,NGINDA,16416
538,21,MURANG'A,109,KANDARA,539,NG'ARARIA,13776
539,21,MURANG'A,109,KANDARA,540,MURUKA,16240
540,21,MURANG'A,109,KANDARA,541,KAGUNDU-INI,19129
541,21,MURANG'A,109,KANDARA,542,GAICHANJIRU,16280
542,21,MURANG'A,109,KANDARA,543,ITHIRU,18335
543,21,MURANG'A,109,KANDARA,544,RUCHU,21388
544,21,MURANG'A,110,GATANGA,545,ITHANGA,11310
545,21,MURANG'A,110,GATANGA,546,KAKUZI/MITUBIRI,15291
546,21,MURANG'A,110,GATANGA,547,MUGUMO-INI,14252
547,21,MURANG'A,110,GATANGA,548,KIHUMBU-INI,17142
548,21,MURANG'A,110,GATANGA,549,GATANGA,16842
549,21,MURANG'A,110,GATANGA,550,KARIARA,26459
550,22,KIAMBU,111,GATUNDU SOUTH,551,KIAMWANGI,13808
551,22,KIAMBU,111,GATUNDU SOUTH,552,KIGANJO,19067
552,22,KIAMBU,111,GATUNDU SOUTH,553,NDARUGU,14486
553,22,KIAMBU,111,GATUNDU SOUTH,554,NGENDA,32499
554,22,KIAMBU,112,GATUNDU NORTH,555,GITUAMBA,19246
555,22,KIAMBU,112,GATUNDU NORTH,556,GITHOBOKONI,15208
556,22,KIAMBU,112,GATUNDU NORTH,557,CHANIA,18324
557,22,KIAMBU,112,GATUNDU NORTH,558,MANG'U,19032
558,22,KIAMBU,113,JUJA,559,MURERA,18075
559,22,KIAMBU,113,JUJA,560,THETA,31397
560,22,KIAMBU,113,JUJA,561,JUJA,36666
561,22,KIAMBU,113,JUJA,562,WITEITHIE,25933
562,22,KIAMBU,113,JUJA,563,KALIMONI,22567
563,22,KIAMBU,114,THIKA TOWN,564,TOWNSHIP,44623
564,22,KIAMBU,114,THIKA TOWN,565,KAMENU,55315
565,22,KIAMBU,114,THIKA TOWN,566,HOSPITAL,33423
566,22,KIAMBU,114,THIKA TOWN,567,GATUANYAGA,12555
567,22,KIAMBU,114,THIKA TOWN,568,NGOLIBA,10102
568,22,KIAMBU,115,RUIRU,569,GITOTHUA,16154
569,22,KIAMBU,115,RUIRU,570,BIASHARA,38706
570,22,KIAMBU,115,RUIRU,571,GATONGORA,15760
571,22,KIAMBU,115,RUIRU,572,KAHAWA SUKARI,11697
572,22,KIAMBU,115,RUIRU,573,KAHAWA WENDANI,17183
573,22,KIAMBU,115,RUIRU,574,KIUU,25920
574,22,KIAMBU,115,RUIRU,575,MWIKI,32582
575,22,KIAMBU,115,RUIRU,576,MWIHOKO,14086
576,22,KIAMBU,116,GITHUNGURI,577,GITHUNGURI,27596
577,22,KIAMBU,116,GITHUNGURI,578,GITHIGA,20616
578,22,KIAMBU,116,GITHUNGURI,579,IKINU,17450
579,22,KIAMBU,116,GITHUNGURI,580,NGEWA,18876
580,22,KIAMBU,116,GITHUNGURI,581,KOMOTHAI,20054
581,22,KIAMBU,117,KIAMBU,582,TING'ANG'A,14457
582,22,KIAMBU,117,KIAMBU,583,NDUMBERI,22095
583,22,KIAMBU,117,KIAMBU,584,RIABAI,15896
584,22,KIAMBU,117,KIAMBU,585,TOWNSHIP,34538
585,22,KIAMBU,118,KIAMBAA,586,CIANDA,12842
586,22,KIAMBU,118,KIAMBAA,587,KARURI,23677
587,22,KIAMBU,118,KIAMBAA,588,NDENDERU,28523
588,22,KIAMBU,118,KIAMBAA,589,MUCHATHA,19412
589,22,KIAMBU,118,KIAMBAA,590,KIHARA,19814
590,22,KIAMBU,119,KABETE,591,GITARU,18481
591,22,KIAMBU,119,KABETE,592,MUGUGA,19681
592,22,KIAMBU,119,KABETE,593,NYADHUNA,21701
593,22,KIAMBU,119,KABETE,594,KABETE,20571
594,22,KIAMBU,119,KABETE,595,UTHIRU,11341
595,22,KIAMBU,120,KIKUYU,596,KARAI,15710
596,22,KIAMBU,120,KIKUYU,597,NACHU,14044
597,22,KIAMBU,120,KIKUYU,598,SIGONA,19571
598,22,KIAMBU,120,KIKUYU,599,KIKUYU,30130
599,22,KIAMBU,120,KIKUYU,600,KINOO,19303
600,22,KIAMBU,121,LIMURU,601,BIBIRIONI,14044
601,22,KIAMBU,121,LIMURU,602,LIMURU CENTRAL,26587
602,22,KIAMBU,121,LIMURU,603,NDEIYA,17035
603,22,KIAMBU,121,LIMURU,604,LIMURU EAST,17375
604,22,KIAMBU,121,LIMURU,605,NGECHA TIGONI,17978
605,22,KIAMBU,122,LARI,606,KINALE,16503
606,22,KIAMBU,122,LARI,607,KIJABE,19124
607,22,KIAMBU,122,LARI,608,NYANDUMA,14572
608,22,KIAMBU,122,LARI,609,KAMBURU,12018
609,22,KIAMBU,122,LARI,610,LARI/KIRENGA,18979
610,23,TURKANA,123,TURKANA NORTH,611,KAERIS,6586
611,23,TURKANA,123,TURKANA NORTH,612,LAKE ZONE,10896
612,23,TURKANA,123,TURKANA NORTH,613,LAPUR,7188
613,23,TURKANA,123,TURKANA NORTH,614,KAALENG/KAIKOR,8148
614,23,TURKANA,123,TURKANA NORTH,615,KIBISH,3684
615,23,TURKANA,123,TURKANA NORTH,616,NAKALALE,6435
616,23,TURKANA,124,TURKANA WEST,617,KAKUMA,12153
617,23,TURKANA,124,TURKANA WEST,618,LOPUR,5697
618,23,TURKANA,124,TURKANA WEST,619,LETEA,5348
619,23,TURKANA,124,TURKANA WEST,620,SONGOT,4733
620,23,TURKANA,124,TURKANA WEST,621,KALOBEYEI,5099
621,23,TURKANA,124,TURKANA WEST,622,LOKICHOGGIO,5490
622,23,TURKANA,124,TURKANA WEST,623,NANAAM,4153
623,23,TURKANA,125,TURKANA CENTRAL,624,KERIO DELTA,10672
624,23,TURKANA,125,TURKANA CENTRAL,625,KANG'ATOTHA,7625
625,23,TURKANA,125,TURKANA CENTRAL,626,KALOKOL,9179
626,23,TURKANA,125,TURKANA CENTRAL,627,LODWAR TOWNSHIP,17273
627,23,TURKANA,125,TURKANA CENTRAL,628,KANAMKEMER,11222
628,23,TURKANA,126,LOIMA,629,KOTARUK/LOBEI,8174
629,23,TURKANA,126,LOIMA,630,TURKWEL,19528
630,23,TURKANA,126,LOIMA,631,LOIMA,3978
631,23,TURKANA,126,LOIMA,632,LOKIRIAMA/LORENGIPPI,4835
632,23,TURKANA,127,TURKANA SOUTH,633,KAPUTIR,4123
633,23,TURKANA,127,TURKANA SOUTH,634,KATILU,13254
634,23,TURKANA,127,TURKANA SOUTH,635,LOBOKAT,4259
635,23,TURKANA,127,TURKANA SOUTH,636,KALAPATA,4329
636,23,TURKANA,127,TURKANA SOUTH,637,LOKICHAR,14467
637,23,TURKANA,128,TURKANA EAST,638,KAPEDO/NAPEITOM,3721
638,23,TURKANA,128,TURKANA EAST,639,KATILIA,6357
639,23,TURKANA,128,TURKANA EAST,640,LOKORI/KOCHODIN,9922
640,24,WEST POKOT,129,KAPENGURIA,641,RIWO,13552
641,24,WEST POKOT,129,KAPENGURIA,642,KAPENGURIA,12074
642,24,WEST POKOT,129,KAPENGURIA,643,MNAGEI,18201
643,24,WEST POKOT,129,KAPENGURIA,644,SIYOI,8279
644,24,WEST POKOT,129,KAPENGURIA,645,ENDUGH,8360
645,24,WEST POKOT,129,KAPENGURIA,646,SOOK,6074
646,24,WEST POKOT,130,SIGOR,647,SEKERR,9432
647,24,WEST POKOT,130,SIGOR,648,MASOOL,8187
648,24,WEST POKOT,130,SIGOR,649,LOMUT,12395
649,24,WEST POKOT,130,SIGOR,650,WEIWEI,13920
650,24,WEST POKOT,131,KACHELIBA,651,SUAM,8262
651,24,WEST POKOT,131,KACHELIBA,652,KODICH,8354
652,24,WEST POKOT,131,KACHELIBA,653,KASEI,7384
653,24,WEST POKOT,131,KACHELIBA,654,KAPCHOK,7416
654,24,WEST POKOT,131,KACHELIBA,655,KIWAWA,8658
655,24,WEST POKOT,131,KACHELIBA,656,ALALE,11072
656,24,WEST POKOT,132,POKOT SOUTH,657,CHEPARERIA,18494
657,24,WEST POKOT,132,POKOT SOUTH,658,BATEI,13075
658,24,WEST POKOT,132,POKOT SOUTH,659,LELAN,15095
659,24,WEST POKOT,132,POKOT SOUTH,660,TAPACH,11742
660,25,SAMBURU,133,SAMBURU WEST,661,LODOKEJEK,7458
661,25,SAMBURU,133,SAMBURU WEST,662,SUGUTA MARMAR,7199
662,25,SAMBURU,133,SAMBURU WEST,663,MARALAL,17580
663,25,SAMBURU,133,SAMBURU WEST,664,LOOSUK,5280
664,25,SAMBURU,133,SAMBURU WEST,665,PORO,5873
665,25,SAMBURU,134,SAMBURU NORTH,666,EL-BARTA,5678
666,25,SAMBURU,134,SAMBURU NORTH,667,NACHOLA,3194
667,25,SAMBURU,134,SAMBURU NORTH,668,NDOTO,6088
668,25,SAMBURU,134,SAMBURU NORTH,669,NYIRO,5779
669,25,SAMBURU,134,SAMBURU NORTH,670,ANGATA NANYOKIE,4204
670,25,SAMBURU,134,SAMBURU NORTH,671,BAAWA,4887
671,25,SAMBURU,135,SAMBURU EAST,672,WASO,6707
672,25,SAMBURU,135,SAMBURU EAST,673,WAMBA WEST,6816
673,25,SAMBURU,135,SAMBURU EAST,674,WAMBA EAST,8017
674,25,SAMBURU,135,SAMBURU EAST,675,WAMBA NORTH,5254
675,26,TRANS NZOIA,136,KWANZA,676,KAPOMBOI,21873
676,26,TRANS NZOIA,136,KWANZA,677,KWANZA,21487
677,26,TRANS NZOIA,136,KWANZA,678,KEIYO,14969
678,26,TRANS NZOIA,136,KWANZA,679,BIDII,17510
679,26,TRANS NZOIA,137,ENDEBESS,680,CHEPCHOINA,19068
680,26,TRANS NZOIA,137,ENDEBESS,681,ENDEBESS,15467
681,26,TRANS NZOIA,137,ENDEBESS,682,MATUMBEI,16153
682,26,TRANS NZOIA,138,SABOTI,683,KINYORO,17994
683,26,TRANS NZOIA,138,SABOTI,684,MATISI,26038
684,26,TRANS NZOIA,138,SABOTI,685,TUWANI,20232
685,26,TRANS NZOIA,138,SABOTI,686,SABOTI,14202
686,26,TRANS NZOIA,138,SABOTI,687,MACHEWA,8918
687,26,TRANS NZOIA,139,KIMININI,688,KIMININI,17302
688,26,TRANS NZOIA,139,KIMININI,689,WAITALUK,18759
689,26,TRANS NZOIA,139,KIMININI,690,SIRENDE,12311
690,26,TRANS NZOIA,139,KIMININI,691,HOSPITAL,14565
691,26,TRANS NZOIA,139,KIMININI,692,SIKHENDU,11573
692,26,TRANS NZOIA,139,KIMININI,693,NABISWA,18730
693,26,TRANS NZOIA,140,CHERANGANY,694,SINYERERE,11603
694,26,TRANS NZOIA,140,CHERANGANY,695,MAKUTANO,9318
695,26,TRANS NZOIA,140,CHERANGANY,696,KAPLAMAI,13319
696,26,TRANS NZOIA,140,CHERANGANY,697,MOTOSIET,15528
697,26,TRANS NZOIA,140,CHERANGANY,698,CHERANGANY/SUWERWA,16734
698,26,TRANS NZOIA,140,CHERANGANY,699,CHEPSIRO/KIPTOROR,11725
699,26,TRANS NZOIA,140,CHERANGANY,700,SITATUNGA,13603
700,27,UASIN GISHU,141,SOY,701,MOI'S BRIDGE,12754
701,27,UASIN GISHU,141,SOY,702,KAPKURES,9020
702,27,UASIN GISHU,141,SOY,703,ZIWA,17523
703,27,UASIN GISHU,141,SOY,704,SEGERO/BARSOMBE,13972
704,27,UASIN GISHU,141,SOY,705,KIPSOMBA,9928
705,27,UASIN GISHU,141,SOY,706,SOY,11500
706,27,UASIN GISHU,141,SOY,707,KUINET/KAPSUSWA,18005
707,27,UASIN GISHU,142,TURBO,708,NGENYILEL,13131
708,27,UASIN GISHU,142,TURBO,709,TAPSAGOI,16483
709,27,UASIN GISHU,142,TURBO,710,KAMAGUT,16462
710,27,UASIN GISHU,142,TURBO,711,KIPLOMBE,26347
711,27,UASIN GISHU,142,TURBO,712,KAPSAOS,16119
712,27,UASIN GISHU,142,TURBO,713,HURUMA,31660
713,27,UASIN GISHU,143,MOIBEN,714,TEMBELIO,15237
714,27,UASIN GISHU,143,MOIBEN,715,SERGOIT,10267
715,27,UASIN GISHU,143,MOIBEN,716,KARUNA/MEIBEKI,12979
716,27,UASIN GISHU,143,MOIBEN,717,MOIBEN,14350
717,27,UASIN GISHU,143,MOIBEN,718,KIMUMU,25044
718,27,UASIN GISHU,144,AINABKOI,719,KAPSOYA,23578
719,27,UASIN GISHU,144,AINABKOI,720,KAPTAGAT,19923
720,27,UASIN GISHU,144,AINABKOI,721,AINABKOI/OLARE,19105
721,27,UASIN GISHU,145,KAPSERET,722,SIMAT/KAPSERET,15275
722,27,UASIN GISHU,145,KAPSERET,723,KIPKENYO,15509
723,27,UASIN GISHU,145,KAPSERET,724,NGERIA,11103
724,27,UASIN GISHU,145,KAPSERET,725,MEGUN,8159
725,27,UASIN GISHU,145,KAPSERET,726,LANGAS,24763
726,27,UASIN GISHU,146,KESSES,727,RACECOURSE,20872
727,27,UASIN GISHU,146,KESSES,728,CHEPTIRET/KIPCHAMO,16723
728,27,UASIN GISHU,146,KESSES,729,TULWET/CHUIYAT,20134
729,27,UASIN GISHU,146,KESSES,730,TARAKWA,20213
730,28,ELGEYO/MARAKWET,147,MARAKWET EAST,731,KAPYEGO,8415
731,28,ELGEYO/MARAKWET,147,MARAKWET EAST,732,SAMBIRIR,13394
732,28,ELGEYO/MARAKWET,147,MARAKWET EAST,733,ENDO,14238
733,28,ELGEYO/MARAKWET,147,MARAKWET EAST,734,EMBOBUT / EMBULOT,7625
734,28,ELGEYO/MARAKWET,148,MARAKWET WEST,735,LELAN,10081
735,28,ELGEYO/MARAKWET,148,MARAKWET WEST,736,SENGWER,9603
736,28,ELGEYO/MARAKWET,148,MARAKWET WEST,737,CHERANG'ANY/CHEBORORWA,9679
737,28,ELGEYO/MARAKWET,148,MARAKWET WEST,738,MOIBEN/KUSERWO,10775
738,28,ELGEYO/MARAKWET,148,MARAKWET WEST,739,KAPSOWAR,13187
739,28,ELGEYO/MARAKWET,148,MARAKWET WEST,740,ARROR,5243
740,28,ELGEYO/MARAKWET,149,KEIYO NORTH,741,EMSOO,6461
741,28,ELGEYO/MARAKWET,149,KEIYO NORTH,742,KAMARINY,17416
742,28,ELGEYO/MARAKWET,149,KEIYO NORTH,743,KAPCHEMUTWA,15672
743,28,ELGEYO/MARAKWET,149,KEIYO NORTH,744,TAMBACH,9698
744,28,ELGEYO/MARAKWET,150,KEIYO SOUTH,745,KAPTARAKWA,10426
745,28,ELGEYO/MARAKWET,150,KEIYO SOUTH,746,CHEPKORIO,14294
746,28,ELGEYO/MARAKWET,150,KEIYO SOUTH,747,SOY NORTH,9194
747,28,ELGEYO/MARAKWET,150,KEIYO SOUTH,748,SOY SOUTH,10367
748,28,ELGEYO/MARAKWET,150,KEIYO SOUTH,749,KABIEMIT,10136
749,28,ELGEYO/MARAKWET,150,KEIYO SOUTH,750,METKEI,7980
750,29,NANDI,151,TINDERET,751,SONGHOR/SOBA,19275
751,29,NANDI,151,TINDERET,752,TINDIRET,14259
752,29,NANDI,151,TINDERET,753,CHEMELIL/CHEMASE,8377
753,29,NANDI,151,TINDERET,754,KAPSIMOTWO,9535
754,29,NANDI,152,ALDAI,755,KABWARENG,11616
755,29,NANDI,152,ALDAI,756,TERIK,8867
756,29,NANDI,152,ALDAI,757,KEMELOI-MARABA,16371
757,29,NANDI,152,ALDAI,758,KOBUJOI,14495
758,29,NANDI,152,ALDAI,759,KAPTUMO-KABOI,14355
759,29,NANDI,152,ALDAI,760,KOYO-NDURIO,12301
760,29,NANDI,153,NANDI HILLS,761,NANDI HILLS,18328
761,29,NANDI,153,NANDI HILLS,762,CHEPKUNYUK,19848
762,29,NANDI,153,NANDI HILLS,763,OL'LESSOS,11254
763,29,NANDI,153,NANDI HILLS,764,KAPCHORUA,8480
764,29,NANDI,154,CHESUMEI,765,CHEMUNDU/KAPNG'ETUNY,14254
765,29,NANDI,154,CHESUMEI,766,KOSIRAI,15667
766,29,NANDI,154,CHESUMEI,767,LELMOKWO/NGECHEK,14831
767,29,NANDI,154,CHESUMEI,768,KAPTEL/KAMOIYWO,18935
768,29,NANDI,154,CHESUMEI,769,KIPTUYA,10514
769,29,NANDI,155,EMGWEN,770,CHEPKUMIA,9736
770,29,NANDI,155,EMGWEN,771,KAPKANGANI,9571
771,29,NANDI,155,EMGWEN,772,KAPSABET,19374
772,29,NANDI,155,EMGWEN,773,KILIBWONI,28259
773,29,NANDI,156,MOSOP,774,CHEPTERWAI,9837
774,29,NANDI,156,MOSOP,775,KIPKAREN,11748
775,29,NANDI,156,MOSOP,776,KURGUNG/SURUNGAI,10626
776,29,NANDI,156,MOSOP,777,KABIYET,12249
777,29,NANDI,156,MOSOP,778,NDALAT,11127
778,29,NANDI,156,MOSOP,779,KABISAGA,11750
779,29,NANDI,156,MOSOP,780,SANGALO/KEBULONIK,10449
780,30,BARINGO,157,TIATY,781,TIRIOKO,5764
781,30,BARINGO,157,TIATY,782,KOLOWA,6769
782,30,BARINGO,157,TIATY,783,RIBKWO,5583
783,30,BARINGO,157,TIATY,784,SILALE,3744
784,30,BARINGO,157,TIATY,785,LOIYAMOROCK,4137
785,30,BARINGO,157,TIATY,786,TANGULBEI/KOROSSI,6818
786,30,BARINGO,157,TIATY,787,CHURO/AMAYA,6244
787,30,BARINGO,158,BARINGO NORTH,788,BARWESSA,12693
788,30,BARINGO,158,BARINGO NORTH,789,KABARTONJO,11270
789,30,BARINGO,158,BARINGO NORTH,790,SAIMO/KIPSARAMAN,11657
790,30,BARINGO,158,BARINGO NORTH,791,SAIMO/SOI,8284
791,30,BARINGO,158,BARINGO,792,BARTABWA,6383
792,30,BARINGO,159,BARINGO CENTRAL,793,KABARNET,15204
793,30,BARINGO,159,BARINGO CENTRAL,794,SACHO,6205
794,30,BARINGO,159,BARINGO CENTRAL,795,TENGES,6020
795,30,BARINGO,159,BARINGO CENTRAL,796,EWALEL/CHAPCHAP,9551
796,30,BARINGO,159,BARINGO CENTRAL,797,KAPROPITA,8940
797,30,BARINGO,160,BARINGO SOUTH,798,MARIGAT,15859
798,30,BARINGO,160,BARINGO SOUTH,799,ILCHAMUS,8722
799,30,BARINGO,160,BARINGO SOUTH,800,MOCHONGOI,12938
800,30,BARINGO,160,BARINGO SOUTH,801,MUKUTANI,5272
801,30,BARINGO,161,MOGOTIO,802,MOGOTIO,17642
802,30,BARINGO,161,MOGOTIO,803,EMINING,10844
803,30,BARINGO,161,MOGOTIO,804,KISANANA,10436
804,30,BARINGO,162,ELDAMA RAVINE,805,LEMBUS,12471
805,30,BARINGO,162,ELDAMA RAVINE,806,LEMBUS KWEN,10757
806,30,BARINGO,162,ELDAMA RAVINE,807,RAVINE,11047
807,30,BARINGO,162,ELDAMA RAVINE,808,MUMBERES/MAJI MAZURI,11165
808,30,BARINGO,162,ELDAMA RAVINE,809,LEMBUS/PERKERRA,10871
809,30,BARINGO,162,ELDAMA RAVINE,810,KOIBATEK,7763
810,31,LAIKIPIA,163,LAIKIPIA WEST,811,OL-MORAN,10012
811,31,LAIKIPIA,163,LAIKIPIA WEST,812,RUMURUTI TOWNSHIP,13241
812,31,LAIKIPIA,163,LAIKIPIA WEST,813,GITHIGA,16143
813,31,LAIKIPIA,163,LAIKIPIA WEST,814,MARMANET,26627
814,31,LAIKIPIA,163,LAIKIPIA WEST,815,IGWAMITI,43194
815,31,LAIKIPIA,163,LAIKIPIA WEST,816,SALAMA,9648
816,31,LAIKIPIA,164,LAIKIPIA EAST,817,NGOBIT,17999
817,31,LAIKIPIA,164,LAIKIPIA EAST,818,TIGITHI,18269
818,31,LAIKIPIA,164,LAIKIPIA EAST,819,THINGITHU,18893
819,31,LAIKIPIA,164,LAIKIPIA EAST,820,NANYUKI,29014
820,31,LAIKIPIA,164,LAIKIPIA EAST,821,UMANDE,12220
821,31,LAIKIPIA,165,LAIKIPIA NORTH,822,SOSIAN,18167
822,31,LAIKIPIA,165,LAIKIPIA NORTH,823,SEGERA,11570
823,31,LAIKIPIA,165,LAIKIPIA NORTH,824,MUGOGODO WEST,6436
824,31,LAIKIPIA,165,LAIKIPIA NORTH,825,MUGOGODO EAST,11579
825,32,NAKURU,166,MOLO,826,MARIASHONI,9669
826,32,NAKURU,166,MOLO,827,ELBURGON,24416
827,32,NAKURU,166,MOLO,828,TURI,15172
828,32,NAKURU,166,MOLO,829,MOLO,27770
829,32,NAKURU,167,NJORO,830,MAU NAROK,22346
830,32,NAKURU,167,NJORO,831,MAUCHE,17605
831,32,NAKURU,167,NJORO,832,KIHINGO,10237
832,32,NAKURU,167,NJORO,833,NESSUIT,9692
833,32,NAKURU,167,NJORO,834,LARE,15498
834,32,NAKURU,167,NJORO,835,NJORO,37896
835,32,NAKURU,168,NAIVASHA,836,BIASHARA,11915
836,32,NAKURU,168,NAIVASHA,837,HELLS GATE,27303
837,32,NAKURU,168,NAIVASHA,838,LAKE VIEW,21194
838,32,NAKURU,168,NAIVASHA,839,MAI MAHIU,21934
839,32,NAKURU,168,NAIVASHA,840,MAIELLA,15666
840,32,NAKURU,168,NAIVASHA,841,OLKARIA,14768
841,32,NAKURU,168,NAIVASHA,842,NAIVASHA EAST,15448
842,32,NAKURU,168,NAIVASHA,843,VIWANDANI,28900
843,32,NAKURU,169,GILGIL,844,GILGIL,29198
844,32,NAKURU,169,GILGIL,845,ELEMENTAITA,15370
845,32,NAKURU,169,GILGIL,846,MBARUK/EBURU,21710
846,32,NAKURU,169,GILGIL,847,MALEWA WEST,15009
847,32,NAKURU,169,GILGIL,848,MURINDATI,14367
848,32,NAKURU,170,KURESOI SOUTH,849,AMALO,13110
849,32,NAKURU,170,KURESOI SOUTH,850,KERINGET,20736
850,32,NAKURU,170,KURESOI SOUTH,851,KIPTAGICH,15226
851,32,NAKURU,170,KURESOI SOUTH,852,TINET,17096
852,32,NAKURU,171,KURESOI NORTH,853,KIPTORORO,17603
853,32,NAKURU,171,KURESOI NORTH,854,NYOTA,23206
854,32,NAKURU,171,KURESOI NORTH,855,SIRIKWA,12828
855,32,NAKURU,171,KURESOI NORTH,856,KAMARA,17026
856,32,NAKURU,172,SUBUKIA,857,SUBUKIA,19402
857,32,NAKURU,172,SUBUKIA,858,WASEGES,15666
858,32,NAKURU,172,SUBUKIA,859,KABAZI,20531
859,32,NAKURU,173,RONGAI,860,MENENGAI WEST,19389
860,32,NAKURU,173,RONGAI,861,SOIN,14523
861,32,NAKURU,173,RONGAI,862,VISOI,20555
862,32,NAKURU,173,RONGAI,863,MOSOP,19670
863,32,NAKURU,173,RONGAI,864,SOLAI,10488
864,32,NAKURU,174,BAHATI,865,DUNDORI,15238
865,32,NAKURU,174,BAHATI,866,KABATINI,13154
866,32,NAKURU,174,BAHATI,867,KIAMAINA,28983
867,32,NAKURU,174,BAHATI,868,LANET/UMOJA,19251
868,32,NAKURU,174,BAHATI,869,BAHATI,20414
869,32,NAKURU,175,NAKURU TOWN WEST,870,BARUT,6699
870,32,NAKURU,175,NAKURU TOWN WEST,871,LONDON,22421
871,32,NAKURU,175,NAKURU TOWN WEST,872,KAPTEMBWO,37748
872,32,NAKURU,175,NAKURU TOWN WEST,873,KAPKURES,10590
873,32,NAKURU,175,NAKURU TOWN WEST,874,RHODA,14108
874,32,NAKURU,175,NAKURU TOWN WEST,875,SHAABAB,20561
875,32,NAKURU,176,NAKURU TOWN EAST,876,BIASHARA,33057
876,32,NAKURU,176,NAKURU TOWN EAST,877,KIVUMBINI,14199
877,32,NAKURU,176,NAKURU TOWN EAST,878,FLAMINGO,21919
878,32,NAKURU,176,NAKURU TOWN EAST,879,MENENGAI,23804
879,32,NAKURU,176,NAKURU TOWN EAST,880,NAKURU EAST,32572
880,33,NAROK,177,KILGORIS,881,KILGORIS CENTRAL,18433
881,33,NAROK,177,KILGORIS,882,KEYIAN,10241
882,33,NAROK,177,KILGORIS,883,ANGATA BARIKOI,10634
883,33,NAROK,177,KILGORIS,884,SHANKOE,12740
884,33,NAROK,177,KILGORIS,885,KIMINTET,10401
885,33,NAROK,177,KILGORIS,886,LOLGORIAN,14434
886,33,NAROK,178,EMURUA DIKIRR,887,ILKERIN,13509
887,33,NAROK,178,EMURUA DIKIRR,888,OLOlMASANI,12560
888,33,NAROK,178,EMURUA DIKIRR,889,MOGONDO,8019
889,33,NAROK,178,EMURUA DIKIRR,890,KAPSASIAN,9952
890,33,NAROK,179,NAROK NORTH,891,OLPUSIMORU,9260
891,33,NAROK,179,NAROK NORTH,892,OLOKURTO,11038
892,33,NAROK,179,NAROK NORTH,893,NAROK TOWN,29452
893,33,NAROK,179,NAROK NORTH,894,NKARETA,9611
894,33,NAROK,179,NAROK NORTH,895,OLORROPIL,13829
895,33,NAROK,179,NAROK NORTH,896,MELILI,15475
896,33,NAROK,180,NAROK EAST,897,MOSIRO,14164
897,33,NAROK,180,NAROK EAST,898,ILDAMAT,10070
898,33,NAROK,180,NAROK EAST,899,KEEKONYOKIE,11121
899,33,NAROK,180,NAROK EAST,900,SUSWA,11180
900,33,NAROK,181,NAROK SOUTH,901,MAJIMOTO/NAROOSURA,19825
901,33,NAROK,181,NAROK SOUTH,902,OLOLULUNG'A,15922
902,33,NAROK,181,NAROK SOUTH,903,MELELO,11373
903,33,NAROK,181,NAROK SOUTH,904,LOITA,11350
904,33,NAROK,181,NAROK SOUTH,905,SOGOO,10072
905,33,NAROK,181,NAROK SOUTH,906,SAGAMIAN,7523
906,33,NAROK,182,NAROK WEST,907,ILMOTIOK,19176
907,33,NAROK,182,NAROK WEST,908,MARA,16597
908,33,NAROK,182,NAROK WEST,909,SIANA,17882
909,33,NAROK,182,NAROK WEST,910,NAIKARRA,12941
910,34,KAJIADO,183,KAJIADO NORTH,911,OLKERI,31549
911,34,KAJIADO,183,KAJIADO NORTH,912,ONGATA RONGAI,27576
912,34,KAJIADO,183,KAJIADO NORTH,913,NKAIMURUNYA,33207
913,34,KAJIADO,183,KAJIADO NORTH,914,OLOOLUA,19810
914,34,KAJIADO,183,KAJIADO NORTH,915,NGONG,22738
915,34,KAJIADO,184,KAJIADO CENTRAL,916,PURKO,4848
916,34,KAJIADO,184,KAJIADO CENTRAL,917,ILDAMAT,9535
917,34,KAJIADO,184,KAJIADO CENTRAL,918,DALALEKUTUK,17734
918,34,KAJIADO,184,KAJIADO CENTRAL,919,MATAPATO NORTH,16776
919,34,KAJIADO,184,KAJIADO CENTRAL,920,MATAPATO SOUTH,16930
920,34,KAJIADO,185,KAJIADO EAST,921,KAPUTIEI NORTH,21660
921,34,KAJIADO,185,KAJIADO EAST,922,KITENGELA,38746
922,34,KAJIADO,185,KAJIADO EAST,923,OLOOSIRKON/SHOLINKE,33748
923,34,KAJIADO,185,KAJIADO EAST,924,KENYAWA-POKA,12782
924,34,KAJIADO,185,KAJIADO EAST,925,IMARORO,9400
925,34,KAJIADO,186,KAJIADO WEST,926,KEEKONYOKIE,33307
926,34,KAJIADO,186,KAJIADO WEST,927,ILOODOKILANI,9476
927,34,KAJIADO,186,KAJIADO WEST,928,MAGADI,11204
928,34,KAJIADO,186,KAJIADO WEST,929,EWUASO OoNKIDONG'I,16972
929,34,KAJIADO,186,KAJIADO WEST,930,MOSIRO,4214
930,34,KAJIADO,187,KAJIADO SOUTH,931,ENTONET/LENKISIM,12775
931,34,KAJIADO,187,KAJIADO SOUTH,932,MBIRIKANI/ESELENKEI,10725
932,34,KAJIADO,187,KAJIADO SOUTH,933,KUKU,18515
933,34,KAJIADO,187,KAJIADO SOUTH,934,ROMBO,17467
934,34,KAJIADO,187,KAJIADO SOUTH,935,KIMANA,11579
935,35,KERICHO,188,KIPKELION EAST,936,LONDIANI,14597
936,35,KERICHO,188,KIPKELION EAST,937,KEDOWA/KIMUGUL,21798
937,35,KERICHO,188,KIPKELION EAST,938,CHEPSEON,18219
938,35,KERICHO,188,KIPKELION EAST,939,TENDENO/SORGET,9065
939,35,KERICHO,189,KIPKELION WEST,940,KUNYAK,8876
940,35,KERICHO,189,KIPKELION WEST,941,KAMASIAN,11827
941,35,KERICHO,189,KIPKELION WEST,942,KIPKELION,15140
942,35,KERICHO,189,KIPKELION WEST,943,CHILCHILA,17117
943,35,KERICHO,190,AINAMOI,944,KAPSOIT,16117
944,35,KERICHO,190,AINAMOI,945,AINAMOI,10473
945,35,KERICHO,190,AINAMOI,946,KAPKUGERWET,17635
946,35,KERICHO,190,AINAMOI,947,KIPCHEBOR,16520
947,35,KERICHO,190,AINAMOI,948,KIPCHIMCHIM,7969
948,35,KERICHO,190,AINAMOI,949,KAPSAOS,16310
949,35,KERICHO,191,BURETI,950,KISIARA,12486
950,35,KERICHO,191,BURETI,951,TEBESONIK,11471
951,35,KERICHO,191,BURETI,952,CHEBOIN,13297
952,35,KERICHO,191,BURETI,953,CHEMOSOT,16344
953,35,KERICHO,191,BURETI,954,LITEIN,15858
954,35,KERICHO,191,BURETI,955,CHEPLANGET,13560
955,35,KERICHO,191,BURETI,956,KAPKATET,12304
956,35,KERICHO,192,BELGUT,957,WALDAI,20119
957,35,KERICHO,192,BELGUT,958,KABIANGA,21052
958,35,KERICHO,192,BELGUT,959,CHEPTORORIET/SERETUT,11964
959,35,KERICHO,192,BELGUT,960,CHAIK,10584
960,35,KERICHO,192,BELGUT,961,KAPSUSER,11456
961,35,KERICHO,193,SIGOWET/SOIN,962,SIGOWET,18986
962,35,KERICHO,193,SIGOWET/SOIN,963,KAPLELARTET,16262
963,35,KERICHO,193,SIGOWET/SOIN,964,SOLIAT,9682
964,35,KERICHO,193,SIGOWET/SOIN,965,SOIN,10979
965,36,BOMET,194,SOTIK,966,NDANAI/ABOSI,17049
966,36,BOMET,194,SOTIK,967,CHEMAGEL,18870
967,36,BOMET,194,SOTIK,968,KIPSONOI,17736
968,36,BOMET,194,SOTIK,969,KAPLETUNDO,20992
969,36,BOMET,194,SOTIK,970,RONGENA/MANARET,12034
970,36,BOMET,195,CHEPALUNGU,971,KONG'ASIS,14005
971,36,BOMET,195,CHEPALUNGU,972,NYANGORES,19286
972,36,BOMET,195,CHEPALUNGU,973,SIGOR,15849
973,36,BOMET,195,CHEPALUNGU,974,CHEBUNYO,15982
974,36,BOMET,195,CHEPALUNGU,975,SIONGIROI,15018
975,36,BOMET,196,BOMET EAST,976,MERIGI,14673
976,36,BOMET,196,BOMET EAST,977,KEMBU,12901
977,36,BOMET,196,BOMET EAST,978,LONGISA,14576
978,36,BOMET,196,BOMET EAST,979,KIPRERES,12101
979,36,BOMET,196,BOMET EAST,980,CHEMANER,9389
980,36,BOMET,197,BOMET CENTRAL,981,SILIBWET TOWNSHIP,17882
981,36,BOMET,197,BOMET CENTRAL,982,NDARAWETA,12233
982,36,BOMET,197,BOMET CENTRAL,983,SINGORWET,12483
983,36,BOMET,197,BOMET CENTRAL,984,CHESOEN,17516
984,36,BOMET,197,BOMET CENTRAL,985,MUTARAKWA,11295
985,36,BOMET,198,KONOIN,986,CHEPCHABAS,9316
986,36,BOMET,198,KONOIN,987,KIMULOT,12321
987,36,BOMET,198,KONOIN,988,MOGOGOSIEK,18069
988,36,BOMET,198,KONOIN,989,BOITO,17019
989,36,BOMET,198,KONOIN,990,EMBOMOS,18390
990,37,KAKAMEGA,199,LUGARI,991,MAUTUMA,13465
991,37,KAKAMEGA,199,LUGARI,992,LUGARI,15331
992,37,KAKAMEGA,199,LUGARI,993,LUMAKANDA,17655
993,37,KAKAMEGA,199,LUGARI,994,CHEKALINI,11992
994,37,KAKAMEGA,199,LUGARI,995,CHEVAYWA,14821
995,37,KAKAMEGA,199,LUGARI,996,LWANDETI,13644
996,37,KAKAMEGA,200,LIKUYANI,997,LIKUYANI,16545
997,37,KAKAMEGA,200,LIKUYANI,998,SANGO,12022
998,37,KAKAMEGA,200,LIKUYANI,999,KONGONI,14564
999,37,KAKAMEGA,200,LIKUYANI,1000,NZOIA,16973
1000,37,KAKAMEGA,200,LIKUYANI,1001,SINOKO,12345
1001,37,KAKAMEGA,201,MALAVA,1002,WEST KABRAS,11699
1002,37,KAKAMEGA,201,MALAVA,1003,CHEMUCHE,14139
1003,37,KAKAMEGA,201,MALAVA,1004,EAST KABRAS,9995
1004,37,KAKAMEGA,201,MALAVA,1005,BUTALI/CHEGULO,15146
1005,37,KAKAMEGA,201,MALAVA,1006,MANDA-SHIVANGA,14677
1006,37,KAKAMEGA,201,MALAVA,1007,SHIRUGU-MUGAI,12238
1007,37,KAKAMEGA,201,MALAVA,1008,SOUTH KABRAS,16523
1008,37,KAKAMEGA,202,LURAMBI,1009,BUTSOTSO EAST,11165
1009,37,KAKAMEGA,202,LURAMBI,1010,BUTSOTSO SOUTH,9094
1010,37,KAKAMEGA,202,LURAMBI,1011,BUTSOTSO CENTRAL,13902
1011,37,KAKAMEGA,202,LURAMBI,1012,SHEYWE,30312
1012,37,KAKAMEGA,202,LURAMBI,1013,MAHIAKALO,9750
1013,37,KAKAMEGA,202,LURAMBI,1014,SHIRERE,15404
1014,37,KAKAMEGA,203,NAVAKHOLO,1015,INGOSTSE-MATHIA,10171
1015,37,KAKAMEGA,203,NAVAKHOLO,1016,SHINOYI-SHIKOMARI-ESUMEYIA,11689
1016,37,KAKAMEGA,203,NAVAKHOLO,1017,BUNYALA WEST,15946
1017,37,KAKAMEGA,203,NAVAKHOLO,1018,BUNYALA EAST,11126
1018,37,KAKAMEGA,203,NAVAKHOLO,1019,BUNYALA CENTRAL,15811
1019,37,KAKAMEGA,204,MUMIAS WEST,1020,MUMIAS CENTRAL,16551
1020,37,KAKAMEGA,204,MUMIAS WEST,1021,MUMIAS NORTH,9113
1021,37,KAKAMEGA,204,MUMIAS WEST,1022,ETENJE,13017
1022,37,KAKAMEGA,204,MUMIAS WEST,1023,MUSANDA,14636
1023,37,KAKAMEGA,205,MUMIAS EAST,1024,LUSHEYA/LUBINU,16731
1024,37,KAKAMEGA,205,MUMIAS EAST,1025,MALAHA/ISONGO/MAKUNGA,14885
1025,37,KAKAMEGA,205,MUMIAS EAST,1026,EAST WANGA,18952
1026,37,KAKAMEGA,206,MATUNGU,1027,KOYONZO,19476
1027,37,KAKAMEGA,206,MATUNGU,1028,KHOLERA,14513
1028,37,KAKAMEGA,206,MATUNGU,1029,KHALABA,9414
1029,37,KAKAMEGA,206,MATUNGU,1030,MAYONI,15352
1030,37,KAKAMEGA,206,MATUNGU,1031,NAMAMALI,15175
1031,37,KAKAMEGA,207,BUTERE,1032,MARAMA WEST,16581
1032,37,KAKAMEGA,207,BUTERE,1033,MARAMA CENTRAL,20328
1033,37,KAKAMEGA,207,BUTERE,1034,MARENYO - SHIANDA,10996
1034,37,KAKAMEGA,207,BUTERE,1035,MARAMA NORTH,10961
1035,37,KAKAMEGA,207,BUTERE,1036,MARAMA SOUTH,11358
1036,37,KAKAMEGA,208,KHWISERO,1037,KISA NORTH,10810
1037,37,KAKAMEGA,208,KHWISERO,1038,KISA EAST,10385
1038,37,KAKAMEGA,208,KHWISERO,1039,KISA WEST,10815
1039,37,KAKAMEGA,208,KHWISERO,1040,KISA CENTRAL,23081
1040,37,KAKAMEGA,209,SHINYALU,1041,ISUKHA NORTH,11965
1041,37,KAKAMEGA,209,SHINYALU,1042,MURHANDA,12994
1042,37,KAKAMEGA,209,SHINYALU,1043,ISUKHA CENTRAL,16111
1043,37,KAKAMEGA,209,SHINYALU,1044,ISUKHA SOUTH,16003
1044,37,KAKAMEGA,209,SHINYALU,1045,ISUKHA EAST,9724
1045,37,KAKAMEGA,209,SHINYALU,1046,ISUKHA WEST,10181
1046,37,KAKAMEGA,210,IKOLOMANI,1047,IDAKHO SOUTH,10404
1047,37,KAKAMEGA,210,IKOLOMANI,1048,IDAKHO EAST,15195
1048,37,KAKAMEGA,210,IKOLOMANI,1049,IDAKHO NORTH,13605
1049,37,KAKAMEGA,210,IKOLOMANI,1050,IDAKHO CENTRAL,17095
1050,38,VIHIGA,211,VIHIGA,1051,LUGAGA-WAMULUMA,17381
1051,38,VIHIGA,211,VIHIGA,1052,SOUTH MARAGOLI,11192
1052,38,VIHIGA,211,VIHIGA,1053,CENTRAL MARAGOLI,13114
1053,38,VIHIGA,211,VIHIGA,1054,MUNGOMA,10602
1054,38,VIHIGA,212,SABATIA,1055,LYADUYWA/IZAVA,14899
1055,38,VIHIGA,212,SABATIA,1056,WEST SABATIA,11930
1056,38,VIHIGA,212,SABATIA,1057,CHAVAKALI,10564
1057,38,VIHIGA,212,SABATIA,1058,NORTH MARAGOLI,10314
1058,38,VIHIGA,212,SABATIA,1059,WODANGA,11351
1059,38,VIHIGA,212,SABATIA,1060,BUSALI,11817
1060,38,VIHIGA,213,HAMISI,1061,SHIRU,12686
1061,38,VIHIGA,213,HAMISI,1062,GISAMBAI,10216
1062,38,VIHIGA,213,HAMISI,1063,SHAMAKHOKHO,14503
1063,38,VIHIGA,213,HAMISI,1064,BANJA,11950
1064,38,VIHIGA,213,HAMISI,1065,MUHUDU,9183
1065,38,VIHIGA,213,HAMISI,1066,TAMBUA,10913
1066,38,VIHIGA,213,HAMISI,1067,JEPKOYAI,10933
1067,38,VIHIGA,214,LUANDA,1068,LUANDA TOWNSHIP,10486
1068,38,VIHIGA,214,LUANDA,1069,WEMILABI,11618
1069,38,VIHIGA,214,LUANDA,1070,MWIBONA,10132
1070,38,VIHIGA,214,LUANDA,1071,LUANDA SOUTH,11484
1071,38,VIHIGA,214,LUANDA,1072,EMABUNGO,12590
1072,38,VIHIGA,215,EMUHAYA,1073,NORTH EAST BUNYORE,16648
1073,38,VIHIGA,215,EMUHAYA,1074,CENTRAL BUNYORE,16731
1074,38,VIHIGA,215,EMUHAYA,1075,WEST BUNYORE,16806
1075,39,BUNGOMA,216,MT. ELGON,1076,CHEPTAIS,13342
1076,39,BUNGOMA,216,MT. ELGON,1077,CHESIKAKI,11375
1077,39,BUNGOMA,216,MT. ELGON,1078,CHEPYUK,11075
1078,39,BUNGOMA,216,MT. ELGON,1079,KAPKATENY,12141
1079,39,BUNGOMA,216,MT. ELGON,1080,KAPTAMA,13714
1080,39,BUNGOMA,216,MT. ELGON,1081,ELGON,14512
1081,39,BUNGOMA,217,SIRISIA,1082,NAMWELA,13686
1082,39,BUNGOMA,217,SIRISIA,1083,MALAKISI/SOUTH KULISIRU,17728
1083,39,BUNGOMA,217,SIRISIA,1084,LWANDANYI,17303
1084,39,BUNGOMA,218,KABUCHAI,1085,KABUCHAI/CHWELE,18288
1085,39,BUNGOMA,218,KABUCHAI,1086,WEST NALONDO,16198
1086,39,BUNGOMA,218,KABUCHAI,1087,BWAKE/LUUYA,15366
1087,39,BUNGOMA,218,KABUCHAI,1088,MUKUYUNI,17369
1088,39,BUNGOMA,219,BUMULA,1089,SOUTH BUKUSU,11587
1089,39,BUNGOMA,219,BUMULA,1090,BUMULA,13425
1090,39,BUNGOMA,219,BUMULA,1091,KHASOKO,9270
1091,39,BUNGOMA,219,BUMULA,1092,KABULA,9817
1092,39,BUNGOMA,219,BUMULA,1093,KIMAETI,15546
1093,39,BUNGOMA,219,BUMULA,1094,WEST BUKUSU,9769
1094,39,BUNGOMA,219,BUMULA,1095,SIBOTI,12633
1095,39,BUNGOMA,220,KANDUYI,1096,BUKEMBE WEST,10831
1096,39,BUNGOMA,220,KANDUYI,1097,BUKEMBE EAST,13035
1097,39,BUNGOMA,220,KANDUYI,1098,TOWNSHIP,17919
1098,39,BUNGOMA,220,KANDUYI,1099,KHALABA,14167
1099,39,BUNGOMA,220,KANDUYI,1100,MUSIKOMA,15826
1100,39,BUNGOMA,220,KANDUYI,1101,EAST SANG'ALO,15555
1101,39,BUNGOMA,220,KANDUYI,1102,MARAKARU/TUUTI,16191
1102,39,BUNGOMA,220,KANDUYI,1103,WEST SANG'ALO,14809
1103,39,BUNGOMA,221,WEBUYE EAST,1104,MIHUU,17438
1104,39,BUNGOMA,221,WEBUYE EAST,1105,NDIVISI,17755
1105,39,BUNGOMA,221,WEBUYE EAST,1106,MARAKA,13757
1106,39,BUNGOMA,222,WEBUYE WEST,1107,MISIKHU,14118
1107,39,BUNGOMA,222,WEBUYE WEST,1108,SITIKHO,12540
1108,39,BUNGOMA,222,WEBUYE WEST,1109,MATULO,16304
1109,39,BUNGOMA,222,WEBUYE WEST,1110,BOKOLI,15670
1110,39,BUNGOMA,223,KIMILILI,1111,KIBINGEI,15664
1111,39,BUNGOMA,223,KIMILILI,1112,KIMILILI,19062
1112,39,BUNGOMA,223,KIMILILI,1113,MAENI,11452
1113,39,BUNGOMA,223,KIMILILI,1114,KAMUKUYWA,15409
1114,39,BUNGOMA,224,TONGAREN,1115,MBAKALO,13311
1115,39,BUNGOMA,224,TONGAREN,1116,NAITIRI/KABUYEFWE,16232
1116,39,BUNGOMA,224,TONGAREN,1117,MILIMA,15700
1117,39,BUNGOMA,224,TONGAREN,1118,NDALU/ TABANI,11250
1118,39,BUNGOMA,224,TONGAREN,1119,TONGAREN,15124
1119,39,BUNGOMA,224,TONGAREN,1120,SOYSAMBU/ MITUA,13335
1120,40,BUSIA,225,TESO NORTH,1121,MALABA CENTRAL,13248
1121,40,BUSIA,225,TESO NORTH,1122,MALABA NORTH,8401
1122,40,BUSIA,225,TESO NORTH,1123,ANG'URAI SOUTH,9821
1123,40,BUSIA,225,TESO NORTH,1124,ANG'URAI NORTH,10148
1124,40,BUSIA,225,TESO NORTH,1125,ANG'URAI EAST,7764
1125,40,BUSIA,225,TESO NORTH,1126,MALABA SOUTH,10413
1126,40,BUSIA,226,TESO SOUTH,1127,ANG'OROM,13730
1127,40,BUSIA,226,TESO SOUTH,1128,CHAKOL SOUTH,15351
1128,40,BUSIA,226,TESO SOUTH,1129,CHAKOL NORTH,9450
1129,40,BUSIA,226,TESO SOUTH,1130,AMUKURA WEST,8862
1130,40,BUSIA,226,TESO SOUTH,1131,AMUKURA EAST,11549
1131,40,BUSIA,226,TESO SOUTH,1132,AMUKURA CENTRAL,12326
1132,40,BUSIA,227,NAMBALE,1133,NAMBALE TOWNSHIP,17638
1133,40,BUSIA,227,NAMBALE,1134,BUKHAYO NORTH/WALTSI,10945
1134,40,BUSIA,227,NAMBALE,1135,BUKHAYO EAST,11614
1135,40,BUSIA,227,NAMBALE,1136,BUKHAYO CENTRAL,10348
1136,40,BUSIA,228,MATAYOS,1137,BUKHAYO WEST,17548
1137,40,BUSIA,228,MATAYOS,1138,MAYENJE,8184
1138,40,BUSIA,228,MATAYOS,1139,MATAYOS SOUTH,15980
1139,40,BUSIA,228,MATAYOS,1140,BUSIBWABO,6500
1140,40,BUSIA,228,MATAYOS,1141,BURUMBA,19496
1141,40,BUSIA,229,BUTULA,1142,MARACHI WEST,11575
1142,40,BUSIA,229,BUTULA,1143,KINGANDOLE,9906
1143,40,BUSIA,229,BUTULA,1144,MARACHI CENTRAL,11685
1144,40,BUSIA,229,BUTULA,1145,MARACHI EAST,11105
1145,40,BUSIA,229,BUTULA,1146,MARACHI NORTH,12937
1146,40,BUSIA,229,BUTULA,1147,ELUGULU,10169
1147,40,BUSIA,230,FUNYULA,1148,NAMBOBOTO NAMBUKU,15900
1148,40,BUSIA,230,FUNYULA,1149,NANGINA,12527
1149,40,BUSIA,230,FUNYULA,1150,AGENG'A NANGUBA,14284
1150,40,BUSIA,230,FUNYULA,1151,BWIRI,11320
1151,40,BUSIA,231,BUDALANGI,1152,BUNYALA CENTRAL,7725
1152,40,BUSIA,231,BUDALANGI,1153,BUNYALA NORTH,13637
1153,40,BUSIA,231,BUDALANGI,1154,BUNYALA WEST,14863
1154,40,BUSIA,231,BUDALANGI,1155,BUNYALA SOUTH,9807
1155,41,SIAYA,232,UGENYA,1156,WEST UGENYA,18973
1156,41,SIAYA,232,UGENYA,1157,UKWALA,14870
1157,41,SIAYA,232,UGENYA,1158,NORTH UGENYA,16987
1158,41,SIAYA,232,UGENYA,1159,EAST UGENYA,18197
1159,41,SIAYA,233,UGUNJA,1160,SIDINDI,14980
1160,41,SIAYA,233,UGUNJA,1161,SIGOMERE,18052
1161,41,SIAYA,233,UGUNJA,1162,UGUNJA,27082
1162,41,SIAYA,234,ALEGO USONGA,1163,USONGA,9273
1163,41,SIAYA,234,ALEGO USONGA,1164,WEST ALEGO,19154
1164,41,SIAYA,234,ALEGO USONGA,1165,CENTRAL ALEGO,18893
1165,41,SIAYA,234,ALEGO USONGA,1166,SIAYA TOWNSHIP,26832
1166,41,SIAYA,234,ALEGO USONGA,1167,NORTH ALEGO,19005
1167,41,SIAYA,234,ALEGO USONGA,1168,SOUTH EAST ALEGO,28845
1168,41,SIAYA,235,GEM,1169,NORTH GEM,19321
1169,41,SIAYA,235,GEM,1170,WEST GEM,14228
1170,41,SIAYA,235,GEM,1171,CENTRAL GEM,13633
1171,41,SIAYA,235,GEM,1172,YALA TOWNSHIP,13874
1172,41,SIAYA,235,GEM,1173,EAST GEM,13952
1173,41,SIAYA,235,GEM,1174,SOUTH GEM,18560
1174,41,SIAYA,236,BONDO,1175,WEST YIMBO,15638
1175,41,SIAYA,236,BONDO,1176,CENTRAL SAKWA,13782
1176,41,SIAYA,236,BONDO,1177,SOUTH SAKWA,14827
1177,41,SIAYA,236,BONDO,1178,YIMBO EAST,17008
1178,41,SIAYA,236,BONDO,1179,WEST SAKWA,21323
1179,41,SIAYA,236,BONDO,1180,NORTH SAKWA,21457
1180,41,SIAYA,237,RARIEDA,1181,EAST ASEMBO,21741
1181,41,SIAYA,237,RARIEDA,1182,WEST ASEMBO,21599
1182,41,SIAYA,237,RARIEDA,1183,NORTH UYOMA,13158
1183,41,SIAYA,237,RARIEDA,1184,SOUTH UYOMA,11140
1184,41,SIAYA,237,RARIEDA,1185,WEST UYOMA,17211
1185,42,KISUMU,238,KISUMU EAST,1186,KAJULU,26717
1186,42,KISUMU,238,KISUMU EAST,1187,KOLWA EAST,15294
1187,42,KISUMU,238,KISUMU EAST,1188,MANYATTA 'B',15095
1188,42,KISUMU,238,KISUMU EAST,1189,NYALENDA 'A',13765
1189,42,KISUMU,238,KISUMU EAST,1190,KOLWA CENTRAL,22306
1190,42,KISUMU,239,KISUMU WEST,1191,SOUTH WEST KISUMU,15592
1191,42,KISUMU,239,KISUMU WEST,1192,CENTRAL KISUMU,21829
1192,42,KISUMU,239,KISUMU WEST,1193,KISUMU NORTH,17599
1193,42,KISUMU,239,KISUMU WEST,1194,WEST KISUMU,13932
1194,42,KISUMU,239,KISUMU WEST,1195,NORTH WEST KISUMU,13975
1195,42,KISUMU,240,KISUMU CENTRAL,1196,RAILWAYS,25365
1196,42,KISUMU,240,KISUMU CENTRAL,1197,MIGOSI,18193
1197,42,KISUMU,240,KISUMU CENTRAL,1198,SHAURIMOYO KALOLENI,17675
1198,42,KISUMU,240,KISUMU CENTRAL,1199,MARKET MILIMANI,29278
1199,42,KISUMU,240,KISUMU CENTRAL,1200,KONDELE,23019
1200,42,KISUMU,240,KISUMU CENTRAL,1201,NYALENDA B,16619
1201,42,KISUMU,241,SEME,1202,WEST SEME,17896
1202,42,KISUMU,241,SEME,1203,CENTRAL SEME,14995
1203,42,KISUMU,241,SEME,1204,EAST SEME,13920
1204,42,KISUMU,241,SEME,1205,NORTH SEME,15234
1205,42,KISUMU,242,NYANDO,1206,EAST KANO/WAWIDHI,10146
1206,42,KISUMU,242,NYANDO,1207,AWASI/ONJIKO,18448
1207,42,KISUMU,242,NYANDO,1208,AHERO,18131
1208,42,KISUMU,242,NYANDO,1209,KABONYO/KANYAGWAL,13012
1209,42,KISUMU,242,NYANDO,1210,KOBURA,21020
1210,42,KISUMU,243,MUHORONI,1211,MIWANI,10846
1211,42,KISUMU,243,MUHORONI,1212,OMBEYI,13969
1212,42,KISUMU,243,MUHORONI,1213,MASOGO/NYANG'OMA,18629
1213,42,KISUMU,243,MUHORONI,1214,CHEMELIL,16933
1214,42,KISUMU,243,MUHORONI,1215,MUHORONI/KORU,19388
1215,42,KISUMU,244,NYAKACH,1216,SOUTH WEST NYAKACH,10003
1216,42,KISUMU,244,NYAKACH,1217,NORTH NYAKACH,21438
1217,42,KISUMU,244,NYAKACH,1218,CENTRAL NYAKACH,14199
1218,42,KISUMU,244,NYAKACH,1219,WEST NYAKACH,14900
1219,42,KISUMU,244,NYAKACH,1220,SOUTH EAST NYAKACH,17394
1220,43,HOMA BAY,245,KASIPUL,1221,WEST KASIPUL,14303
1221,43,HOMA BAY,245,KASIPUL,1222,SOUTH KASIPUL,14318
1222,43,HOMA BAY,245,KASIPUL,1223,CENTRAL KASIPUL,15476
1223,43,HOMA BAY,245,KASIPUL,1224,EAST KAMAGAK,9074
1224,43,HOMA BAY,245,KASIPUL,1225,WEST KAMAGAK,14342
1225,43,HOMA BAY,246,KABONDO KASIPUL,1226,KABONDO EAST,17062
1226,43,HOMA BAY,246,KABONDO KASIPUL,1227,KABONDO WEST,16927
1227,43,HOMA BAY,246,KABONDO KASIPUL,1228,KOKWANYO/KAKELO,15402
1228,43,HOMA BAY,246,KABONDO KASIPUL,1229,KOJWACH,10519
1229,43,HOMA BAY,247,KARACHUONYO,1230,WEST KARACHUONYO,11870
1230,43,HOMA BAY,247,KARACHUONYO,1231,NORTH KARACHUONYO,13731
1231,43,HOMA BAY,247,KARACHUONYO,1232,CENTRAL,12560
1232,43,HOMA BAY,247,KARACHUONYO,1233,KANYALUO,11255
1233,43,HOMA BAY,247,KARACHUONYO,1234,KIBIRI,12053
1234,43,HOMA BAY,247,KARACHUONYO,1235,WANGCHIENG,19362
1235,43,HOMA BAY,247,KARACHUONYO,1236,KENDU BAY TOWN,13350
1236,43,HOMA BAY,248,RANGWE,1237,WEST GEM,12456
1237,43,HOMA BAY,248,RANGWE,1238,EAST GEM,13448
1238,43,HOMA BAY,248,RANGWE,1239,KAGAN,16000
1239,43,HOMA BAY,248,RANGWE,1240,KOCHIA,16982
1240,43,HOMA BAY,249,HOMA BAY TOWN,1241,HOMA BAY CENTRAL,21119
1241,43,HOMA BAY,249,HOMA BAY TOWN,1242,HOMA BAY ARUJO,13283
1242,43,HOMA BAY,249,HOMA BAY TOWN,1243,HOMA BAY WEST,8283
1243,43,HOMA BAY,249,HOMA BAY TOWN,1244,HOMA BAY EAST,15650
1244,43,HOMA BAY,250,NDHIWA,1245,KWABWAI,16085
1245,43,HOMA BAY,250,NDHIWA,1246,KANYADOTO,9315
1246,43,HOMA BAY,250,NDHIWA,1247,KANYIKELA,5350
1247,43,HOMA BAY,250,NDHIWA,1248,KABUOCH NORTH,19358
1248,43,HOMA BAY,250,NDHIWA,1249,KABUOCH SOUTH/PALA,13741
1249,43,HOMA BAY,250,NDHIWA,1250,KANYAMWA KOLOGI,13399
1250,43,HOMA BAY,250,NDHIWA,1251,KANYAMWA KOSEWE,19486
1251,43,HOMA BAY,251,SUBA NORTH,1252,MFANGANO ISLAND,10569
1252,43,HOMA BAY,251,SUBA NORTH,1253,RUSINGA ISLAND,14320
1253,43,HOMA BAY,251,SUBA NORTH,1254,KASGUNGA,12876
1254,43,HOMA BAY,251,SUBA NORTH,1255,GEMBE,9941
1255,43,HOMA BAY,251,SUBA NORTH,1256,LAMBWE,12968
1256,43,HOMA BAY,252,SUBA SOUTH,1257,GWASSI SOUTH,18433
1257,43,HOMA BAY,252,SUBA SOUTH,1258,GWASSI NORTH,15405
1258,43,HOMA BAY,252,SUBA SOUTH,1259,KAKSINGRI WEST,13960
1259,43,HOMA BAY,252,SUBA SOUTH,1260,RUMA-KAKSINGRI,7040
1260,44,MIGORI,253,RONGO,1261,NORTH KAMAGAMBO,10426
1261,44,MIGORI,253,RONGO,1262,CENTRAL KAMAGAMBO,19077
1262,44,MIGORI,253,RONGO,1263,EAST KAMAGAMBO,16141
1263,44,MIGORI,253,RONGO,1264,SOUTH KAMAGAMBO,13537
1264,44,MIGORI,254,AWENDO,1265,NORTH SAKWA,11768
1265,44,MIGORI,254,AWENDO,1266,SOUTH SAKWA,17750
1266,44,MIGORI,254,AWENDO,1267,WEST SAKWA,11831
1267,44,MIGORI,254,AWENDO,1268,CENTRAL SAKWA,14623
1268,44,MIGORI,255,SUNA EAST,1269,GOD JOPE,10344
1269,44,MIGORI,255,SUNA EAST,1270,SUNA CENTRAL,18244
1270,44,MIGORI,255,SUNA EAST,1271,KAKRAO,16948
1271,44,MIGORI,255,SUNA EAST,1272,KWA,8929
1272,44,MIGORI,256,SUNA WEST,1273,WIGA,13692
1273,44,MIGORI,256,SUNA WEST,1274,WASWETA II,12007
1274,44,MIGORI,256,SUNA WEST,1275,RAGANA-ORUBA,20216
1275,44,MIGORI,256,SUNA WEST,1276,WASIMBETE,10771
1276,44,MIGORI,257,URIRI,1277,WEST KANYAMKAGO,14886
1277,44,MIGORI,257,URIRI,1278,NORTH KANYAMKAGO,16336
1278,44,MIGORI,257,URIRI,1279,CENTRAL KANYAMKAGO,10295
1279,44,MIGORI,257,URIRI,1280,SOUTH KANYAMKAGO,16057
1280,44,MIGORI,257,URIRI,1281,EAST KANYAMKAGO,7489
1281,44,MIGORI,258,NYATIKE,1282,KACHIEN'G,10551
1282,44,MIGORI,258,NYATIKE,1283,KANYASA,7748
1283,44,MIGORI,258,NYATIKE,1284,NORTH KADEM,15113
1284,44,MIGORI,258,NYATIKE,1285,MACALDER/KANYARWANDA,13187
1285,44,MIGORI,258,NYATIKE,1286,KALER,5727
1286,44,MIGORI,258,NYATIKE,1287,GOT KACHOLA,10923
1287,44,MIGORI,258,NYATIKE,1288,MUHURU,10183
1288,44,MIGORI,259,KURIA WEST,1289,BUKIRA EAST,8957
1289,44,MIGORI,259,KURIA WEST,1290,BUKIRA CENTRL/IKEREGE,7865
1290,44,MIGORI,259,KURIA WEST,1291,ISIBANIA,9169
1291,44,MIGORI,259,KURIA WEST,1292,MAKERERO,6056
1292,44,MIGORI,259,KURIA WEST,1293,MASABA,9214
1293,44,MIGORI,259,KURIA WEST,1294,TAGARE,9780
1294,44,MIGORI,259,KURIA WEST,1295,NYAMOSENSE/KOMOSOKO,11203
1295,44,MIGORI,260,KURIA EAST,1296,GOKEHARAKA/GETAMBWEGA,7962
1296,44,MIGORI,260,KURIA EAST,1297,NTIMARU WEST,8628
1297,44,MIGORI,260,KURIA EAST,1298,NTIMARU EAST,5591
1298,44,MIGORI,260,KURIA EAST,1299,NYABASI EAST,8930
1299,44,MIGORI,260,KURIA EAST,1300,NYABASI WEST,10865
1300,45,KISII,261,BONCHARI,1301,BOMARIBA,11167
1301,45,KISII,261,BONCHARI,1302,BOGIAKUMU,17744
1302,45,KISII,261,BONCHARI,1303,BOMORENDA,17363
1303,45,KISII,261,BONCHARI,1304,RIANA,18356
1304,45,KISII,262,SOUTH MUGIRANGO,1305,TABAKA,16395
1305,45,KISII,262,SOUTH MUGIRANGO,1306,BOIKANG'A,10127
1306,45,KISII,262,SOUTH MUGIRANGO,1307,BOGETENGA,14408
1307,45,KISII,262,SOUTH MUGIRANGO,1308,BORABU / CHITAGO,17760
1308,45,KISII,262,SOUTH MUGIRANGO,1309,MOTICHO,12699
1309,45,KISII,262,SOUTH MUGIRANGO,1310,GETENGA,7615
1310,45,KISII,263,BOMACHOGE BORABU,1311,BOMBABA BORABU,12474
1311,45,KISII,263,BOMACHOGE BORABU,1312,BOOCHI BORABU,8650
1312,45,KISII,263,BOMACHOGE BORABU,1313,BOKIMONGE,18795
1313,45,KISII,263,BOMACHOGE BORABU,1314,MAGENCHE,17072
1314,45,KISII,264,BOBASI,1315,MASIGE WEST,12614
1315,45,KISII,264,BOBASI,1316,MASIGE EAST,11667
1316,45,KISII,264,BOBASI,1317,BASI CENTRAL,13122
1317,45,KISII,264,BOBASI,1318,NYACHEKI,16988
1318,45,KISII,264,BOBASI,1319,BASI BOGETAORIO,16319
1319,45,KISII,264,BOBASI,1320,BOBASI CHACHE,12997
1320,45,KISII,264,BOBASI,1321,SAMETA/MOKWERERO,11884
1321,45,KISII,264,BOBASI,1322,BOBASI BOITANGARE,10469
1322,45,KISII,265,BOMACHOGE CHACHE,1323,MAJOGE BASI,13016
1323,45,KISII,265,BOMACHOGE CHACHE,1324,BOOCHI/TENDERE,17987
1324,45,KISII,265,BOMACHOGE CHACHE,1325,BOSOTI/SENGERA,18298
1325,45,KISII,266,NYARIBARI MASABA,1326,ICHUNI,15662
1326,45,KISII,266,NYARIBARI MASABA,1327,NYAMASIBI,11782
1327,45,KISII,266,NYARIBARI MASABA,1328,MASIMBA,14188
1328,45,KISII,266,NYARIBARI MASABA,1329,GESUSU,14569
1329,45,KISII,266,NYARIBARI MASABA,1330,KIAMOKAMA,12392
1330,45,KISII,267,NYARIBARI CHACHE,1331,BOBARACHO,19235
1331,45,KISII,267,NYARIBARI CHACHE,1332,KISII CENTRAL,24550
1332,45,KISII,267,NYARIBARI CHACHE,1333,KEUMBU,10022
1333,45,KISII,267,NYARIBARI CHACHE,1334,KIOGORO,10510
1334,45,KISII,267,NYARIBARI CHACHE,1335,BIRONGO,11320
1335,45,KISII,267,NYARIBARI CHACHE,1336,IBENO,12916
1336,45,KISII,268,KITUTU CHACHE NORTH,1337,MONYERERO,15350
1337,45,KISII,268,KITUTU CHACHE NORTH,1338,SENSI,15165
1338,45,KISII,268,KITUTU CHACHE NORTH,1339,MARANI,15466
1339,45,KISII,268,KITUTU CHACHE NORTH,1340,KEGOGI,10989
1340,45,KISII,269,KITUTU CHACHE SOUTH,1341,BOGUSERO,12271
1341,45,KISII,269,KITUTU CHACHE SOUTH,1342,BOGEKA,7774
1342,45,KISII,269,KITUTU CHACHE SOUTH,1343,NYAKOE,12178
1343,45,KISII,269,KITUTU CHACHE SOUTH,1344,KITUTU,24345
1344,45,KISII,269,KITUTU CHACHE SOUTH,1345,NYATIEKO,10340
1345,46,NYAMIRA,270,KITUTU MASABA,1346,RIGOMA,19808
1346,46,NYAMIRA,270,KITUTU MASABA,1347,GACHUBA,16245
1347,46,NYAMIRA,270,KITUTU MASABA,1348,KEMERA,18264
1348,46,NYAMIRA,270,KITUTU MASABA,1349,MAGOMBO,13683
1349,46,NYAMIRA,270,KITUTU MASABA,1350,MANGA,19212
1350,46,NYAMIRA,270,KITUTU MASABA,1351,GESIMA,19057
1351,46,NYAMIRA,271,WEST MUGIRANGO,1352,NYAMAIYA,16431
1352,46,NYAMIRA,271,WEST MUGIRANGO,1353,BOGICHORA,21267
1353,46,NYAMIRA,271,WEST MUGIRANGO,1354,BOSAMARO,20028
1354,46,NYAMIRA,271,WEST MUGIRANGO,1355,BONYAMATUTA,15455
1355,46,NYAMIRA,271,WEST MUGIRANGO,1356,TOWNSHIP,15018
1356,46,NYAMIRA,272,NORTH MUGIRANGO,1357,ITIBO,13950
1357,46,NYAMIRA,272,NORTH MUGIRANGO,1358,BOMWAGAMO,10152
1358,46,NYAMIRA,272,NORTH MUGIRANGO,1359,BOKEIRA,13595
1359,46,NYAMIRA,272,NORTH MUGIRANGO,1360,MAGWAGWA,12780
1360,46,NYAMIRA,272,NORTH MUGIRANGO,1361,EKERENYO,14273
1361,46,NYAMIRA,273,BORABU,1362,MEKENENE,10730
1362,46,NYAMIRA,273,BORABU,1363,KIABONYORU,22625
1363,46,NYAMIRA,273,BORABU,1364,NYANSIONGO,16050
1364,46,NYAMIRA,273,BORABU,1365,ESISE,14660
1365,47,NAIROBI CITY,274,WESTLANDS,1366,KITISURU,29237
1366,47,NAIROBI CITY,274,WESTLANDS,1367,PARKLANDS/HIGHRIDGE,37144
1367,47,NAIROBI CITY,274,WESTLANDS,1368,KARURA,29548
1368,47,NAIROBI CITY,274,WESTLANDS,1369,KANGEMI,32551
1369,47,NAIROBI CITY,274,WESTLANDS,1370,MOUNTAIN VIEW,32259
1370,47,NAIROBI CITY,275,DAGORETTI NORTH,1371,KILIMANI,38927
1371,47,NAIROBI CITY,275,DAGORETTI NORTH,1372,KAWANGWARE,28468
1372,47,NAIROBI CITY,275,DAGORETTI NORTH,1373,GATINA,34831
1373,47,NAIROBI CITY,275,DAGORETTI NORTH,1374,KILELESHWA,26343
1374,47,NAIROBI CITY,275,DAGORETTI NORTH,1375,KABIRO,29090
1375,47,NAIROBI CITY,276,DAGORETTI SOUTH,1376,MUTU-INI,13484
1376,47,NAIROBI CITY,276,DAGORETTI SOUTH,1377,NGANDO,24892
1377,47,NAIROBI CITY,276,DAGORETTI SOUTH,1378,RIRUTA,37766
1378,47,NAIROBI CITY,276,DAGORETTI SOUTH,1379,UTHIRU/RUTHIMITU,19657
1379,47,NAIROBI CITY,276,DAGORETTI SOUTH,1380,WAITHAKA,19131
1380,47,NAIROBI CITY,277,LANGATA,1381,KAREN,34450
1381,47,NAIROBI CITY,277,LANGATA,1382,NAIROBI WEST,18386
1382,47,NAIROBI CITY,277,LANGATA,1383,MUGUMU-INI,37864
1383,47,NAIROBI CITY,277,LANGATA,1384,SOUTH C,33149
1384,47,NAIROBI CITY,277,LANGATA,1385,NYAYO HIGHRISE,21800
1385,47,NAIROBI CITY,278,KIBRA,1386,LAINI SABA,19378
1386,47,NAIROBI CITY,278,KIBRA,1387,LINDI,19082
1387,47,NAIROBI CITY,278,KIBRA,1388,MAKINA,28408
1388,47,NAIROBI CITY,278,KIBRA,1389,WOODLEY/KENYATTA GOLF COURSE,28972
1389,47,NAIROBI CITY,278,KIBRA,1390,SARANGOMBE,32442
1390,47,NAIROBI CITY,279,ROYSAMBU,1391,GITHURAI,35899
1391,47,NAIROBI CITY,279,ROYSAMBU,1392,KAHAWA WEST,38586
1392,47,NAIROBI CITY,279,ROYSAMBU,1393,ZIMMERMAN,30701
1393,47,NAIROBI CITY,279,ROYSAMBU,1394,ROYSAMBU,31158
1394,47,NAIROBI CITY,279,ROYSAMBU,1395,KAHAWA,17428
1395,47,NAIROBI CITY,280,KASARANI,1396,CLAY CITY,34387
1396,47,NAIROBI CITY,280,KASARANI,1397,MWIKI,27837
1397,47,NAIROBI CITY,280,KASARANI,1398,KASARANI,27525
1398,47,NAIROBI CITY,280,KASARANI,1399,NJIRU,28140
1399,47,NAIROBI CITY,280,KASARANI,1400,RUAI,37361
1400,47,NAIROBI CITY,281,RUARAKA,1401,BABA DOGO,29419
1401,47,NAIROBI CITY,281,RUARAKA,1402,UTALII,27599
1402,47,NAIROBI CITY,281,RUARAKA,1403,MATHARE NORTH,29334
1403,47,NAIROBI CITY,281,RUARAKA,1404,LUCKY SUMMER,20690
1404,47,NAIROBI CITY,281,RUARAKA,1405,KOROGOCHO,17440
1405,47,NAIROBI CITY,282,EMBAKASI SOUTH,1406,IMARA DAIMA,38096
1406,47,NAIROBI CITY,282,EMBAKASI SOUTH,1407,KWA NJENGA,28554
1407,47,NAIROBI CITY,282,EMBAKASI SOUTH,1408,KWA REUBEN,33591
1408,47,NAIROBI CITY,282,EMBAKASI SOUTH,1409,PIPELINE,37900
1409,47,NAIROBI CITY,282,EMBAKASI SOUTH,1410,KWARE,29812
1410,47,NAIROBI CITY,283,EMBAKASI NORTH,1411,KARIOBANGI NORTH,24500
1411,47,NAIROBI CITY,283,EMBAKASI NORTH,1412,DANDORA AREA I,20543
1412,47,NAIROBI CITY,283,EMBAKASI NORTH,1413,DANDORA AREA II,19761
1413,47,NAIROBI CITY,283,EMBAKASI NORTH,1414,DANDORA AREA III,21247
1414,47,NAIROBI CITY,283,EMBAKASI NORTH,1415,DANDORA AREA IV,27293
1415,47,NAIROBI CITY,284,EMBAKASI CENTRAL,1416,KAYOLE NORTH,25563
1416,47,NAIROBI CITY,284,EMBAKASI CENTRAL,1417,KAYOLE CENTRAL,26855
1417,47,NAIROBI CITY,284,EMBAKASI CENTRAL,1418,KAYOLE SOUTH,41154
1418,47,NAIROBI CITY,284,EMBAKASI CENTRAL,1419,KOMAROCK,33127
1419,47,NAIROBI CITY,284,EMBAKASI CENTRAL,1420,MATOPENI/SPRING VALLEY,19193
1420,47,NAIROBI CITY,285,EMBAKASI EAST,1421,UPPER SAVANNAH,28928
1421,47,NAIROBI CITY,285,EMBAKASI EAST,1422,LOWER SAVANNAH,30104
1422,47,NAIROBI CITY,285,EMBAKASI EAST,1423,EMBAKASI,46291
1423,47,NAIROBI CITY,285,EMBAKASI EAST,1424,UTAWALA,25707
1424,47,NAIROBI CITY,285,EMBAKASI EAST,1425,MIHANGO,23569
1425,47,NAIROBI CITY,286,EMBAKASI WEST,1426,UMOJA I,40554
1426,47,NAIROBI CITY,286,EMBAKASI WEST,1427,UMOJA II,39562
1427,47,NAIROBI CITY,286,EMBAKASI WEST,1428,MOWLEM,23423
1428,47,NAIROBI CITY,286,EMBAKASI WEST,1429,KARIOBANGI SOUTH,38339
1429,47,NAIROBI CITY,287,MAKADARA,1430,MARINGO/HAMZA,39821
1430,47,NAIROBI CITY,287,MAKADARA,1431,VIWANDANI,24650
1431,47,NAIROBI CITY,287,MAKADARA,1432,HARAMBEE,36498
1432,47,NAIROBI CITY,287,MAKADARA,1433,MAKONGENI,28658
1433,47,NAIROBI CITY,288,KAMUKUNJI,1434,PUMWANI,39130
1434,47,NAIROBI CITY,288,KAMUKUNJI,1435,EASTLEIGH NORTH,27523
1435,47,NAIROBI CITY,288,KAMUKUNJI,1436,EASTLEIGH SOUTH,28019
1436,47,NAIROBI CITY,288,KAMUKUNJI,1437,AIRBASE,16352
1437,47,NAIROBI CITY,288,KAMUKUNJI,1438,CALIFORNIA,17492
1438,47,NAIROBI CITY,289,STAREHE,1439,NAIROBI CENTRAL,52186
1439,47,NAIROBI CITY,289,STAREHE,1440,NGARA,27816
1440,47,NAIROBI CITY,289,STAREHE,1441,PANGANI,18494
1441,47,NAIROBI CITY,289,STAREHE,1442,ZIWANI/KARIOKOR,16790
1442,47,NAIROBI CITY,289,STAREHE,1443,LANDIMAWE,20436
1443,47,NAIROBI CITY,289,STAREHE,1444,NAIROBI SOUTH,33853
1444,47,NAIROBI CITY,290,MATHARE,1445,HOSPITAL,12512
1445,47,NAIROBI CITY,290,MATHARE,1446,MABATINI,20976
1446,47,NAIROBI CITY,290,MATHARE,1447,HURUMA,23018
1447,47,NAIROBI CITY,290,MATHARE,1448,NGEI,24699
1448,47,NAIROBI CITY,290,MATHARE,1449,MLANGO KUBWA,22765
1449,47,NAIROBI CITY,290,MATHARE,1450,KIAMAIKO,19193
